1,0.92338,0.095471,1.3824,0.097229,0.024814,0.011436,0.022603,0.0052655,0.0017553,0,0,0,0,0,0,0,0,0,0,0,0,0
2,0.92627,0.099914,1.3853,0.10671,0.038758,0.0081751,0.012396,0.010003,0.0053234,0,0,0,0,0,0,0,0,0,0,0,0,0
3,0.77373,0.11669,0.33064,0.99578,0.40133,0.16245,0.083964,0.11873,0.051431,0,0,0,0,0,0,0,0,0,0,0,0,0
4,0.70211,0.047794,0.7716,0.58772,0.26524,0.20181,0.1515,0.13717,0.063554,0,0,0,0,0,0,0,0,0,0,0,0,0
5,0.73884,0.025625,1.1119,0.041928,0.032514,0.022768,0.015334,0.016467,0.0095357,0,0,0,0,0,0,0,0,0,0,0,0,0
6,0.74227,0.086811,1.0981,0.14684,0.06514,0.041533,0.037922,0.04284,0.02065,0,0,0,0,0,0,0,0,0,0,0,0,0
7,0.86285,0.051179,1.275,0.20552,0.093623,0.056798,0.065773,0.054503,0.016803,0,0,0,0,0,0,0,0,0,0,0,0,0
8,0.95195,0.096933,1.4211,0.10418,0.097351,0.044048,0.021541,0.012264,0.011936,0,0,0,0,0,0,0,0,0,0,0,0,0
9,0.93277,0.061003,1.4026,0.042679,0.048258,0.023872,0.013952,0.0069797,0.0065564,0,0,0,0,0,0,0,0,0,0,0,0,0
10,0.96844,0.39249,1.2404,0.4725,0.15539,0.083455,0.13426,0.072426,0.032521,0,0,0,0,0,0,0,0,0,0,0,0,0
11,0.68434,0.17993,0.60437,0.6046,0.3743,0.19611,0.16138,0.18251,0.082558,0,0,0,0,0,0,0,0,0,0,0,0,0
12,0.72639,0.058005,1.0823,0.10558,0.071441,0.054055,0.040728,0.027744,0.012769,0,0,0,0,0,0,0,0,0,0,0,0,0
13,0.75969,0.13101,1.0705,0.26389,0.19533,0.11317,0.040198,0.036311,0.037519,0,0,0,0,0,0,0,0,0,0,0,0,0
14,0.76648,0.089931,1.1446,0.092553,0.036441,0.0031639,0.021503,0.0075082,0.0020647,0,0,0,0,0,0,0,0,0,0,0,0,0
15,0.76957,0.071078,1.1516,0.087906,0.049451,0.014305,0.015598,0.021781,0.0080135,0,0,0,0,0,0,0,0,0,0,0,0,0
16,0.87093,0.03442,1.3073,0.11374,0.026897,0.022049,0.01122,0.013841,0.0039822,0,0,0,0,0,0,0,0,0,0,0,0,0
17,0.92421,0.09249,1.3844,0.091693,0.029538,0.011619,0.016965,0.014781,0.0067933,0,0,0,0,0,0,0,0,0,0,0,0,0
18,0.91259,0.03836,1.3746,0.046057,0.02041,0.0014293,0.0070411,0.004199,0.00078952,0,0,0,0,0,0,0,0,0,0,0,0,0
19,0.91689,0.03795,1.3816,0.029011,0.02164,0.0072074,0.006043,0.0058008,0.0017318,0,0,0,0,0,0,0,0,0,0,0,0,0
20,0.93,0.077324,1.3944,0.095039,0.045371,0.011847,0.015953,0.012404,0.0026579,0,0,0,0,0,0,0,0,0,0,0,0,0
21,0.7967,0.073084,1.1945,0.047845,0.053701,0.028162,0.015707,0.018573,0.0079873,0,0,0,0,0,0,0,0,0,0,0,0,0
22,0.73905,0.0088086,1.1147,0.013845,0.0077307,0.0033606,0.0026082,0.0032993,0.00075072,0,0,0,0,0,0,0,0,0,0,0,0,0
23,0.75656,0.052274,1.1354,0.064841,0.049562,0.015438,0.017819,0.024355,0.0069879,0,0,0,0,0,0,0,0,0,0,0,0,0
24,0.73876,0.016385,1.1137,0.026095,0.015853,0.0088539,0.0034192,0.0033017,0.0031526,0,0,0,0,0,0,0,0,0,0,0,0,0
25,0.77067,0.10992,1.1331,0.15853,0.1175,0.048416,0.0087563,0.017828,0.016297,0,0,0,0,0,0,0,0,0,0,0,0,0
26,0.92904,0.28438,1.2612,0.40555,0.19199,0.056244,0.058263,0.055399,0.013229,0,0,0,0,0,0,0,0,0,0,0,0,0
27,0.90992,0.082632,1.3548,0.14742,0.073522,0.060324,0.029383,0.033285,0.017867,0,0,0,0,0,0,0,0,0,0,0,0,0
28,0.9038,0.047701,1.3557,0.11059,0.034647,0.031057,0.029164,0.012865,0.014194,0,0,0,0,0,0,0,0,0,0,0,0,0
29,0.90184,0.023766,1.3523,0.059755,0.0548,0.054436,0.056524,0.055531,0.030231,0,0,0,0,0,0,0,0,0,0,0,0,0
30,0.89778,0.051099,1.3419,0.14235,0.052097,0.0427,0.031707,0.035201,0.011806,0,0,0,0,0,0,0,0,0,0,0,0,0
31,0.68604,0.13913,0.89138,0.37816,0.18171,0.12505,0.11578,0.12218,0.054833,0,0,0,0,0,0,0,0,0,0,0,0,0
32,0.72526,0.024619,1.0824,0.1114,0.06278,0.057045,0.047791,0.031078,0.016998,0,0,0,0,0,0,0,0,0,0,0,0,0
33,0.69539,0.053745,1.0139,0.20654,0.11045,0.046197,0.059714,0.05303,0.022757,0,0,0,0,0,0,0,0,0,0,0,0,0
34,0.73301,0.012622,1.1038,0.04168,0.023456,0.017114,0.021365,0.018647,0.0083272,0,0,0,0,0,0,0,0,0,0,0,0,0
35,0.72377,0.033156,1.0805,0.12165,0.039042,0.045174,0.035657,0.032554,0.017566,0,0,0,0,0,0,0,0,0,0,0,0,0
36,0.88286,0.019921,1.3113,0.14236,0.10215,0.066331,0.076566,0.073339,0.033417,0,0,0,0,0,0,0,0,0,0,0,0,0
37,0.88382,0.13404,1.2802,0.27887,0.062096,0.095739,0.054732,0.067402,0.026196,0,0,0,0,0,0,0,0,0,0,0,0,0
38,0.90606,0.037907,1.3617,0.074048,0.050243,0.018758,0.029061,0.028472,0.011662,0,0,0,0,0,0,0,0,0,0,0,0,0
39,0.91704,0.19232,1.3193,0.2893,0.051425,0.061618,0.066356,0.036778,0.027136,0,0,0,0,0,0,0,0,0,0,0,0,0
40,0.89547,0.10878,1.3277,0.18116,0.059706,0.033382,0.012472,0.013473,0.0058399,0,0,0,0,0,0,0,0,0,0,0,0,0
41,0.76241,0.15957,1.1167,0.15038,0.032882,0.021477,0.016252,0.010283,0.0092248,0,0,0,0,0,0,0,0,0,0,0,0,0
42,0.69602,0.26069,0.81406,0.47361,0.14353,0.14851,0.12839,0.088711,0.051249,0,0,0,0,0,0,0,0,0,0,0,0,0
43,0.71072,0.020413,1.064,0.070541,0.066708,0.053432,0.041951,0.033243,0.015435,0,0,0,0,0,0,0,0,0,0,0,0,0
44,0.70728,0.042704,1.0458,0.15332,0.084443,0.049742,0.060272,0.04655,0.015493,0,0,0,0,0,0,0,0,0,0,0,0,0
45,0.79981,0.081747,1.1877,0.10368,0.075786,0.073534,0.057813,0.056454,0.023428,0,0,0,0,0,0,0,0,0,0,0,0,0
46,0.85202,0.099864,1.2476,0.21392,0.12471,0.053287,0.069458,0.049592,0.022094,0,0,0,0,0,0,0,0,0,0,0,0,0
47,0.87944,0.030381,1.3169,0.095941,0.082835,0.058717,0.037843,0.030313,0.018388,0,0,0,0,0,0,0,0,0,0,0,0,0
48,0.86618,0.074956,1.2908,0.13346,0.072613,0.039708,0.048866,0.037279,0.013221,0,0,0,0,0,0,0,0,0,0,0,0,0
49,0.88493,0.016609,1.3306,0.074819,0.042287,0.03812,0.029857,0.024341,0.0095786,0,0,0,0,0,0,0,0,0,0,0,0,0
50,0.79148,0.14336,1.157,0.13451,0.11212,0.071875,0.076645,0.050007,0.016844,0,0,0,0,0,0,0,0,0,0,0,0,0
51,0.72754,0.02034,1.0949,0.046785,0.035919,0.025727,0.014979,0.011747,0.0080184,0,0,0,0,0,0,0,0,0,0,0,0,0
52,0.71453,0.047373,1.0639,0.12726,0.05264,0.052772,0.031024,0.03964,0.011824,0,0,0,0,0,0,0,0,0,0,0,0,0
53,0.72774,0.0052785,1.097,0.02159,0.019457,0.016882,0.014013,0.012066,0.0041701,0,0,0,0,0,0,0,0,0,0,0,0,0
54,0.71455,0.019692,1.0741,0.054453,0.045541,0.030507,0.021127,0.017716,0.010553,0,0,0,0,0,0,0,0,0,0,0,0,0
55,0.79847,0.080964,1.1925,0.0776,0.055323,0.04444,0.037533,0.034377,0.01796,0,0,0,0,0,0,0,0,0,0,0,0,0
56,0.85175,0.059546,1.265,0.14247,0.10476,0.069727,0.047287,0.041786,0.023741,0,0,0,0,0,0,0,0,0,0,0,0,0
57,0.8424,0.049367,1.2116,0.29784,0.16287,0.073603,0.099209,0.066742,0.029516,0,0,0,0,0,0,0,0,0,0,0,0,0
58,0.86663,0.10115,1.2808,0.16834,0.10412,0.052899,0.044139,0.045654,0.020267,0,0,0,0,0,0,0,0,0,0,0,0,0
59,0.87984,0.037457,1.3233,0.062506,0.042181,0.025887,0.022409,0.01989,0.007812,0,0,0,0,0,0,0,0,0,0,0,0,0
60,0.78238,0.1142,1.13,0.18748,0.18945,0.091215,0.05504,0.05609,0.025787,0,0,0,0,0,0,0,0,0,0,0,0,0
61,0.73387,0.008773,1.1065,0.019992,0.017319,0.012983,0.0066458,0.006527,0.0037003,0,0,0,0,0,0,0,0,0,0,0,0,0
62,0.73393,0.068242,1.0904,0.11751,0.089279,0.054263,0.020795,0.015872,0.016833,0,0,0,0,0,0,0,0,0,0,0,0,0
63,0.73039,0.0025647,1.1013,0.015017,0.016789,0.013817,0.011523,0.010514,0.0034726,0,0,0,0,0,0,0,0,0,0,0,0,0
64,0.70652,0.13271,0.99222,0.26431,0.13348,0.10045,0.083868,0.075078,0.034117,0,0,0,0,0,0,0,0,0,0,0,0,0
65,0.85319,0.039428,1.2722,0.16787,0.041851,0.034514,0.041468,0.025193,0.014942,0,0,0,0,0,0,0,0,0,0,0,0,0
66,0.93522,0.12166,1.388,0.15727,0.079507,0.022255,0.021862,0.03859,0.013107,0,0,0,0,0,0,0,0,0,0,0,0,0
67,0.91247,0.23385,1.3215,0.19046,0.015772,0.040127,0.0044809,0.022966,0.00098844,0,0,0,0,0,0,0,0,0,0,0,0,0
68,0.92357,0.23354,1.3378,0.19888,0.040103,0.023669,0.011227,0.011158,0.0056328,0,0,0,0,0,0,0,0,0,0,0,0,0
69,0.90727,0.021085,1.368,0.024647,0.013465,0.0028504,0.0021783,0.0049666,0.0015941,0,0,0,0,0,0,0,0,0,0,0,0,0
70,0.80865,0.10579,1.2066,0.050426,0.069802,0.030378,0.026042,0.017951,0.0078411,0,0,0,0,0,0,0,0,0,0,0,0,0
71,0.75906,0.050257,1.1403,0.061637,0.032874,0.0047182,0.016664,0.022198,0.0064332,0,0,0,0,0,0,0,0,0,0,0,0,0
72,0.76114,0.046707,1.1449,0.034992,0.038916,0.01427,0.0066719,0.0035203,0.0025575,0,0,0,0,0,0,0,0,0,0,0,0,0
73,0.74674,0.031373,1.1252,0.023957,0.014483,0.0017396,0.004874,0.0033059,0.00033185,0,0,0,0,0,0,0,0,0,0,0,0,0
74,0.76298,0.035865,1.1471,0.057203,0.043194,0.026097,0.013281,0.007695,0.004247,0,0,0,0,0,0,0,0,0,0,0,0,0
75,0.90318,0.034547,1.3514,0.14525,0.074394,0.0063705,0.015149,0.021185,0.0087304,0,0,0,0,0,0,0,0,0,0,0,0,0
76,0.94628,0.094756,1.4141,0.093387,0.092854,0.036648,0.019763,0.017984,0.0087359,0,0,0,0,0,0,0,0,0,0,0,0,0
77,0.91317,0.14906,1.3496,0.16661,0.027045,0.032479,0.032142,0.020052,0.0071269,0,0,0,0,0,0,0,0,0,0,0,0,0
78,0.92559,0.11214,1.3619,0.20864,0.12813,0.059834,0.023921,0.042907,0.028559,0,0,0,0,0,0,0,0,0,0,0,0,0
79,0.88209,0.0017386,1.3274,0.063046,0.038474,0.030986,0.030875,0.02377,0.011163,0,0,0,0,0,0,0,0,0,0,0,0,0
80,0.7472,0.042645,1.1095,0.11028,0.096404,0.080542,0.061237,0.034203,0.023266,0,0,0,0,0,0,0,0,0,0,0,0,0
81,0.73353,0.012853,1.1052,0.041775,0.018166,0.014532,0.012768,0.0087213,0.0063347,0,0,0,0,0,0,0,0,0,0,0,0,0
82,0.7361,0.046506,1.1003,0.10702,0.052595,0.040385,0.029988,0.021185,0.010737,0,0,0,0,0,0,0,0,0,0,0,0,0
83,0.73746,0.013799,1.1118,0.025457,0.013539,0.0063019,0.0082447,0.0036292,0.0033129,0,0,0,0,0,0,0,0,0,0,0,0,0
84,0.73519,0.029028,1.102,0.069664,0.05941,0.044941,0.037969,0.029747,0.012872,0,0,0,0,0,0,0,0,0,0,0,0,0
85,0.89301,0.025181,1.3439,0.081556,0.0096548,0.020197,0.0028881,0.0081296,0.0035348,0,0,0,0,0,0,0,0,0,0,0,0,0
86,0.89442,0.031699,1.3451,0.068919,0.038683,0.026707,0.026528,0.025639,0.011506,0,0,0,0,0,0,0,0,0,0,0,0,0
87,0.92879,0.12139,1.3555,0.21757,0.14119,0.12944,0.082715,0.064906,0.014354,0,0,0,0,0,0,0,0,0,0,0,0,0
88,0.84729,0.0035362,1.238,0.2468,0.11395,0.11362,0.069355,0.067327,0.027199,0,0,0,0,0,0,0,0,0,0,0,0,0
89,0.87386,0.0030962,1.2976,0.181,0.06893,0.084605,0.047144,0.059198,0.02201,0,0,0,0,0,0,0,0,0,0,0,0,0
90,0.6928,0.0019039,1.0106,0.20912,0.10317,0.066134,0.069305,0.053584,0.027465,0,0,0,0,0,0,0,0,0,0,0,0,0
91,0.72709,0.0065709,1.0944,0.058057,0.020671,0.02372,0.019583,0.014612,0.008385,0,0,0,0,0,0,0,0,0,0,0,0,0
92,0.70417,0.048981,1.0442,0.13698,0.074715,0.061158,0.034398,0.038615,0.018908,0,0,0,0,0,0,0,0,0,0,0,0,0
93,0.72457,0.0095793,1.0892,0.07567,0.021618,0.026209,0.02061,0.015886,0.010636,0,0,0,0,0,0,0,0,0,0,0,0,0
94,0.72193,0.014275,1.0859,0.056058,0.031156,0.032445,0.023611,0.020957,0.0065303,0,0,0,0,0,0,0,0,0,0,0,0,0
95,0.87139,0.033202,1.3034,0.1326,0.069839,0.036814,0.033059,0.033948,0.010106,0,0,0,0,0,0,0,0,0,0,0,0,0
96,0.85249,0.058836,1.2503,0.21181,0.13268,0.085988,0.054148,0.079651,0.029789,0,0,0,0,0,0,0,0,0,0,0,0,0
97,0.88333,0.028316,1.3271,0.089325,0.037187,0.038076,0.026708,0.022945,0.010676,0,0,0,0,0,0,0,0,0,0,0,0,0
98,0.87611,0.015785,1.3093,0.13166,0.056522,0.077136,0.041077,0.050281,0.011698,0,0,0,0,0,0,0,0,0,0,0,0,0
99,0.87412,0.016655,1.3117,0.084799,0.057395,0.055948,0.041761,0.03661,0.013114,0,0,0,0,0,0,0,0,0,0,0,0,0
100,0.73267,0.014546,1.1025,0.053564,0.022016,0.027092,0.017699,0.024506,0.0081172,0,0,0,0,0,0,0,0,0,0,0,0,0
101,0.73138,0.043012,1.0936,0.1113,0.023918,0.046539,0.020389,0.034279,0.009895,0,0,0,0,0,0,0,0,0,0,0,0,0
102,0.73492,0.0065222,1.1082,0.025991,0.0087956,0.0062422,0.0066813,0.0036221,0.0028796,0,0,0,0,0,0,0,0,0,0,0,0,0
103,0.74457,0.041134,1.1179,0.06044,0.042589,0.030797,0.025115,0.023214,0.011817,0,0,0,0,0,0,0,0,0,0,0,0,0
104,0.73828,0.01078,1.1133,0.019717,0.012013,0.0014576,0.0048267,0.0043516,0.0012496,0,0,0,0,0,0,0,0,0,0,0,0,0
105,0.83642,0.0096255,1.1937,0.31418,0.17465,0.12162,0.10056,0.067402,0.040456,0,0,0,0,0,0,0,0,0,0,0,0,0
106,0.8654,0.0025041,1.1665,0.38618,0.29756,0.16683,0.14437,0.16709,0.074358,0,0,0,0,0,0,0,0,0,0,0,0,0
107,0.89968,0.1216,1.3355,0.15066,0.034807,0.046187,0.02256,0.034254,0.012631,0,0,0,0,0,0,0,0,0,0,0,0,0
108,0.96419,0.13465,1.4224,0.17384,0.14246,0.030368,0.054084,0.035608,0.0064639,0,0,0,0,0,0,0,0,0,0,0,0,0
109,0.86197,0.0024889,1.2919,0.11398,0.071026,0.019217,0.039525,0.028498,0.0089195,0,0,0,0,0,0,0,0,0,0,0,0,0
110,0.76519,0.13019,1.1188,0.18728,0.088716,0.030454,0.026335,0.032363,0.015384,0,0,0,0,0,0,0,0,0,0,0,0,0
111,0.70772,0.14373,1.0211,0.19591,0.080752,0.053443,0.063168,0.037633,0.018131,0,0,0,0,0,0,0,0,0,0,0,0,0
112,0.70242,0.053916,1.021,0.21025,0.10116,0.058947,0.084129,0.061926,0.027505,0,0,0,0,0,0,0,0,0,0,0,0,0
113,0.70738,0.051994,0.93744,0.41372,0.19334,0.12704,0.098291,0.088381,0.035049,0,0,0,0,0,0,0,0,0,0,0,0,0
114,0.85742,0.13899,1.2288,0.31305,0.1083,0.063085,0.04836,0.071222,0.02614,0,0,0,0,0,0,0,0,0,0,0,0,0
115,0.95221,0.10707,1.4199,0.11022,0.085125,0.045817,0.041305,0.019562,0.010528,0,0,0,0,0,0,0,0,0,0,0,0,0
116,0.89419,0.072927,1.328,0.14569,0.082611,0.080047,0.066016,0.061391,0.02376,0,0,0,0,0,0,0,0,0,0,0,0,0
117,0.83591,0.068036,0.47232,1.1322,0.23197,0.063909,0.034079,0.062108,0.048844,0,0,0,0,0,0,0,0,0,0,0,0,0
118,0.7917,0.28614,0.74348,0.8192,0.17198,0.022711,0.0747,0.045508,0.010884,0,0,0,0,0,0,0,0,0,0,0,0,0
119,0.71263,0.13105,0.62182,0.80815,0.24945,0.093462,0.069009,0.047262,0.02465,0,0,0,0,0,0,0,0,0,0,0,0,0
120,0.69888,0.14861,0.62915,0.76165,0.23221,0.13958,0.084721,0.065342,0.034192,0,0,0,0,0,0,0,0,0,0,0,0,0
121,0.78914,0.26842,0.75118,0.78841,0.2296,0.099203,0.11001,0.07244,0.029478,0,0,0,0,0,0,0,0,0,0,0,0,0
122,0.90383,0.29641,1.0286,0.76713,0.16891,0.064195,0.059001,0.017277,0.007901,0,0,0,0,0,0,0,0,0,0,0,0,0
123,0.89806,0.23074,0.96642,0.79664,0.28317,0.1707,0.13695,0.11965,0.055097,0,0,0,0,0,0,0,0,0,0,0,0,0
124,0.90503,0.13607,0.6279,1.0505,0.39694,0.22809,0.21375,0.18654,0.081757,0,0,0,0,0,0,0,0,0,0,0,0,0
125,0.77947,0.0086564,0.33015,1.0005,0.34474,0.22206,0.2009,0.16192,0.077625,0,0,0,0,0,0,0,0,0,0,0,0,0
126,0.74392,0.0045184,0.57381,0.80962,0.36019,0.2387,0.18182,0.14988,0.073984,0,0,0,0,0,0,0,0,0,0,0,0,0
127,0.74308,0.1403,0.19532,0.99803,0.26903,0.17163,0.19721,0.12783,0.059824,0,0,0,0,0,0,0,0,0,0,0,0,0
128,0.88001,0.037005,0.49583,1.1092,0.38218,0.22853,0.15432,0.1902,0.064643,0,0,0,0,0,0,0,0,0,0,0,0,0
129,0.92326,0.10209,0.43666,1.2124,0.30732,0.22536,0.21068,0.17818,0.077129,0,0,0,0,0,0,0,0,0,0,0,0,0
130,0.93644,0.08355,0.71379,1.0228,0.47995,0.29696,0.20515,0.17169,0.07763,0,0,0,0,0,0,0,0,0,0,0,0,0
131,0.88621,0.011739,0.62188,1.0574,0.33496,0.2615,0.17535,0.18207,0.077171,0,0,0,0,0,0,0,0,0,0,0,0,0
132,0.74173,0.066688,0.59216,0.80583,0.32165,0.23369,0.17408,0.15555,0.07106,0,0,0,0,0,0,0,0,0,0,0,0,0
133,0.75476,0.072122,0.29877,1.0047,0.29765,0.1885,0.16811,0.1233,0.057752,0,0,0,0,0,0,0,0,0,0,0,0,0
134,0.77645,0.057158,0.55337,0.86521,0.40658,0.26051,0.19288,0.14895,0.057353,0,0,0,0,0,0,0,0,0,0,0,0,0
135,0.92047,0.16456,0.64557,1.0932,0.34093,0.26831,0.18812,0.13088,0.064469,0,0,0,0,0,0,0,0,0,0,0,0,0
136,0.89997,0.12698,0.61051,1.0685,0.37253,0.25259,0.20036,0.15267,0.077132,0,0,0,0,0,0,0,0,0,0,0,0,0
137,0.89269,0.049414,0.73721,0.9559,0.38069,0.27477,0.21741,0.19173,0.089826,0,0,0,0,0,0,0,0,0,0,0,0,0
138,0.86252,0.052279,0.37657,1.1518,0.26599,0.25441,0.14491,0.18615,0.064337,0,0,0,0,0,0,0,0,0,0,0,0,0
139,0.74461,0.067972,0.40578,0.9524,0.29353,0.16383,0.16515,0.13537,0.060037,0,0,0,0,0,0,0,0,0,0,0,0,0
140,0.72982,0.034479,0.63604,0.74281,0.33102,0.22945,0.18171,0.15692,0.075173,0,0,0,0,0,0,0,0,0,0,0,0,0
141,0.75055,0.050515,0.58799,0.81271,0.32162,0.25697,0.1832,0.18036,0.075156,0,0,0,0,0,0,0,0,0,0,0,0,0
142,0.88584,0.25175,0.78721,0.92447,0.28237,0.21023,0.15025,0.13587,0.058926,0,0,0,0,0,0,0,0,0,0,0,0,0
143,0.89918,0.25792,1.0082,0.7788,0.24501,0.091639,0.078875,0.073661,0.026555,0,0,0,0,0,0,0,0,0,0,0,0,0
144,0.86526,0.16902,0.4963,1.1108,0.3413,0.13934,0.14768,0.089404,0.0031367,0,0,0,0,0,0,0,0,0,0,0,0,0
145,0.7836,0.18364,0.62795,0.86805,0.30581,0.17512,0.15197,0.11838,0.057094,0,0,0,0,0,0,0,0,0,0,0,0,0
146,0.72952,0.20104,0.51686,0.86475,0.22007,0.17208,0.11342,0.10568,0.047371,0,0,0,0,0,0,0,0,0,0,0,0,0
147,0.74034,0.21633,0.8268,0.63052,0.1945,0.11422,0.093554,0.076069,0.034993,0,0,0,0,0,0,0,0,0,0,0,0,0
148,0.77236,0.23595,0.82455,0.70616,0.24514,0.069611,0.027558,0.034497,0.012586,0,0,0,0,0,0,0,0,0,0,0,0,0
149,0.89827,0.28012,0.95175,0.84896,0.19816,0.064505,0.065535,0.055523,0.020855,0,0,0,0,0,0,0,0,0,0,0,0,0
150,0.90091,0.23952,0.91925,0.85396,0.2801,0.16309,0.14444,0.12096,0.053274,0,0,0,0,0,0,0,0,0,0,0,0,0
151,0.92364,0.15914,0.84277,0.91171,0.38494,0.25747,0.21761,0.19676,0.091367,0,0,0,0,0,0,0,0,0,0,0,0,0
152,0.78068,0.070927,0.5019,0.92544,0.38148,0.22276,0.18128,0.15298,0.055792,0,0,0,0,0,0,0,0,0,0,0,0,0
153,0.74847,0.15527,0.55555,0.86744,0.24085,0.21878,0.12394,0.15672,0.051233,0,0,0,0,0,0,0,0,0,0,0,0,0
154,0.74528,0.037557,0.56493,0.83294,0.33249,0.23568,0.17245,0.14718,0.072853,0,0,0,0,0,0,0,0,0,0,0,0,0
155,0.80374,0.10967,0.6726,0.8383,0.37559,0.22755,0.18701,0.1631,0.07903,0,0,0,0,0,0,0,0,0,0,0,0,0
156,0.88651,0.23168,0.90386,0.84269,0.26872,0.18702,0.13324,0.1137,0.053174,0,0,0,0,0,0,0,0,0,0,0,0,0
157,0.87675,0.22829,0.97228,0.78753,0.24939,0.097587,0.051926,0.038162,0.023808,0,0,0,0,0,0,0,0,0,0,0,0,0
158,0.9004,0.27007,1.0522,0.72357,0.21276,0.1026,0.077031,0.056707,0.023393,0,0,0,0,0,0,0,0,0,0,0,0,0
159,0.73135,0.13827,0.62719,0.78975,0.27756,0.16638,0.14091,0.13247,0.057699,0,0,0,0,0,0,0,0,0,0,0,0,0
160,0.74153,0.12672,0.54326,0.84438,0.32085,0.18166,0.16264,0.15436,0.065949,0,0,0,0,0,0,0,0,0,0,0,0,0
161,0.75983,0.029753,0.39455,0.99348,0.2595,0.20094,0.15301,0.12428,0.069219,0,0,0,0,0,0,0,0,0,0,0,0,0
162,0.84845,0.083804,0.65879,0.98393,0.33652,0.18469,0.16094,0.15373,0.065384,0,0,0,0,0,0,0,0,0,0,0,0,0
163,0.89581,0.054495,0.65283,1.0297,0.39433,0.24541,0.20561,0.18326,0.08453,0,0,0,0,0,0,0,0,0,0,0,0,0
164,0.89481,0.030674,0.62153,1.0249,0.42374,0.26317,0.22099,0.19503,0.090167,0,0,0,0,0,0,0,0,0,0,0,0,0
165,0.885,0.17887,0.73532,0.97183,0.30099,0.2425,0.17298,0.15463,0.070938,0,0,0,0,0,0,0,0,0,0,0,0,0
166,0.72887,0.15319,0.70149,0.72458,0.28502,0.171,0.11778,0.095426,0.04417,0,0,0,0,0,0,0,0,0,0,0,0,0
167,0.73901,0.22049,0.55588,0.88047,0.12794,0.12791,0.11946,0.068329,0.040087,0,0,0,0,0,0,0,0,0,0,0,0,0
168,0.73727,0.19655,0.75639,0.70197,0.23028,0.12315,0.10522,0.088935,0.036892,0,0,0,0,0,0,0,0,0,0,0,0,0
169,0.84397,0.24381,0.9404,0.76531,0.14043,0.084116,0.059708,0.025801,0.01342,0,0,0,0,0,0,0,0,0,0,0,0,0
170,0.89029,0.27362,0.85875,0.92257,0.23173,0.039554,0.079572,0.058742,0.0075136,0,0,0,0,0,0,0,0,0,0,0,0,0
171,0.90295,0.26958,0.94734,0.85512,0.23148,0.07842,0.11119,0.063704,0.021541,0,0,0,0,0,0,0,0,0,0,0,0,0
172,0.85378,0.16012,0.89148,0.80851,0.26316,0.1759,0.15425,0.12325,0.056555,0,0,0,0,0,0,0,0,0,0,0,0,0
173,0.74325,0.022172,0.57307,0.81124,0.36406,0.23126,0.17314,0.14939,0.071759,0,0,0,0,0,0,0,0,0,0,0,0,0
174,0.7304,0.098609,0.62272,0.78041,0.28778,0.2025,0.16416,0.14228,0.065456,0,0,0,0,0,0,0,0,0,0,0,0,0
175,0.74198,0.19627,0.74825,0.71577,0.24375,0.10936,0.10401,0.11133,0.042695,0,0,0,0,0,0,0,0,0,0,0,0,0
176,0.83519,0.21779,0.88609,0.81027,0.17877,0.096724,0.076726,0.035413,0.019774,0,0,0,0,0,0,0,0,0,0,0,0,0
177,0.91343,0.15877,0.56978,1.157,0.29795,0.23839,0.17297,0.070854,0.031225,0,0,0,0,0,0,0,0,0,0,0,0,0
178,0.90727,0.12895,0.49394,1.1653,0.29305,0.24979,0.17591,0.1687,0.07093,0,0,0,0,0,0,0,0,0,0,0,0,0
179,0.85544,0.1316,0.8078,0.85884,0.33354,0.23631,0.17131,0.14608,0.0632,0,0,0,0,0,0,0,0,0,0,0,0,0
180,0.72835,0.096269,0.57086,0.84728,0.28721,0.14898,0.13422,0.094232,0.044727,0,0,0,0,0,0,0,0,0,0,0,0,0
181,0.76743,0.037117,0.1579,1.0988,0.17387,0.19373,0.085339,0.12603,0.042181,0,0,0,0,0,0,0,0,0,0,0,0,0
182,0.80473,0.073104,0.42669,1.0025,0.328,0.26001,0.20081,0.15267,0.082651,0,0,0,0,0,0,0,0,0,0,0,0,0
183,0.94378,0.025661,0.47275,1.2198,0.35981,0.2776,0.17017,0.18395,0.084129,0,0,0,0,0,0,0,0,0,0,0,0,0
184,0.92311,0.060429,0.48326,1.1825,0.33181,0.26714,0.21829,0.16918,0.087343,0,0,0,0,0,0,0,0,0,0,0,0,0
185,0.88133,0.11901,0.39179,1.2161,0.22962,0.1239,0.088562,0.1399,0.045934,0,0,0,0,0,0,0,0,0,0,0,0,0
186,0.7354,0.24687,0.71516,0.72778,0.15885,0.13501,0.096619,0.073969,0.043151,0,0,0,0,0,0,0,0,0,0,0,0,0
187,0.71982,0.17092,0.62844,0.78147,0.2525,0.1589,0.10032,0.081118,0.038641,0,0,0,0,0,0,0,0,0,0,0,0,0
188,0.72406,0.1927,0.62668,0.79175,0.20968,0.14764,0.11198,0.089461,0.049686,0,0,0,0,0,0,0,0,0,0,0,0,0
189,0.78465,0.099631,0.57605,0.99858,0.19062,0.095276,0.046927,0.034442,0.021919,0,0,0,0,0,0,0,0,0,0,0,0,0
190,0.85443,0.15352,0.64814,1.0655,0.20408,0.0784,0.07363,0.048694,0.025262,0,0,0,0,0,0,0,0,0,0,0,0,0
191,0.88285,0.13705,0.77537,0.9495,0.34373,0.22796,0.16128,0.13619,0.056015,0,0,0,0,0,0,0,0,0,0,0,0,0
192,0.84192,0.18712,0.93588,0.74542,0.23709,0.15429,0.10814,0.095024,0.044338,0,0,0,0,0,0,0,0,0,0,0,0,0
193,0.72717,0.21577,0.69931,0.75073,0.18474,0.10498,0.093617,0.044598,0.016469,0,0,0,0,0,0,0,0,0,0,0,0,0
194,0.73166,0.21907,0.85153,0.59683,0.17774,0.079013,0.043598,0.027702,0.0088997,0,0,0,0,0,0,0,0,0,0,0,0,0
195,0.69858,0.17306,0.53014,0.85703,0.16585,0.070703,0.043308,0.01483,0.010604,0,0,0,0,0,0,0,0,0,0,0,0,0
196,0.88907,0.20346,0.60147,1.0991,0.28692,0.18275,0.13335,0.087357,0.027563,0,0,0,0,0,0,0,0,0,0,0,0,0
197,0.8844,0.21544,0.7002,1.0096,0.26805,0.21379,0.13402,0.14443,0.060427,0,0,0,0,0,0,0,0,0,0,0,0,0
198,0.88397,0.088995,0.55366,1.1055,0.36774,0.17887,0.12594,0.16404,0.067057,0,0,0,0,0,0,0,0,0,0,0,0,0
199,0.78338,0.15349,0.48873,0.94248,0.31003,0.21308,0.17385,0.14874,0.067574,0,0,0,0,0,0,0,0,0,0,0,0,0
200,0.73792,0.061159,0.57369,0.8205,0.3538,0.21944,0.1545,0.12061,0.054103,0,0,0,0,0,0,0,0,0,0,0,0,0
201,0.7264,0.17202,0.63042,0.77996,0.23805,0.17799,0.12485,0.12254,0.053763,0,0,0,0,0,0,0,0,0,0,0,0,0
202,0.77709,0.23557,0.82799,0.69147,0.25302,0.12467,0.086929,0.078488,0.033667,0,0,0,0,0,0,0,0,0,0,0,0,0
203,0.89598,0.28745,1.0399,0.73154,0.18397,0.081853,0.053579,0.030229,0.0097429,0,0,0,0,0,0,0,0,0,0,0,0,0
204,0.89643,0.23483,0.88083,0.88122,0.28156,0.16831,0.15115,0.12839,0.055897,0,0,0,0,0,0,0,0,0,0,0,0,0
205,0.89754,0.099977,0.7193,0.97201,0.40661,0.25079,0.21122,0.18954,0.084611,0,0,0,0,0,0,0,0,0,0,0,0,0
206,0.76816,0.09558,0.62477,0.80808,0.34972,0.24654,0.1872,0.16653,0.0766,0,0,0,0,0,0,0,0,0,0,0,0,0
207,0.73564,0.15962,0.7067,0.73478,0.28343,0.15393,0.1077,0.10058,0.051279,0,0,0,0,0,0,0,0,0,0,0,0,0
208,0.73082,0.23693,0.79698,0.6525,0.1624,0.085524,0.063728,0.04389,0.021025,0,0,0,0,0,0,0,0,0,0,0,0,0
209,0.80331,0.27898,0.92362,0.61956,0.22016,0.099961,0.079182,0.076599,0.030731,0,0,0,0,0,0,0,0,0,0,0,0,0
210,0.90631,0.1545,0.79941,0.95549,0.37343,0.22112,0.17282,0.14686,0.070647,0,0,0,0,0,0,0,0,0,0,0,0,0
211,0.89831,0.090018,0.69275,1.0128,0.34195,0.27542,0.2083,0.18261,0.088805,0,0,0,0,0,0,0,0,0,0,0,0,0
212,0.90066,0.099474,0.74916,0.95097,0.40405,0.26605,0.213,0.18807,0.088399,0,0,0,0,0,0,0,0,0,0,0,0,0
213,0.78971,0.1824,0.59928,0.89747,0.30557,0.17396,0.15266,0.13908,0.061887,0,0,0,0,0,0,0,0,0,0,0,0,0
214,0.73856,0.23452,0.80886,0.6412,0.18162,0.11231,0.089829,0.074326,0.034021,0,0,0,0,0,0,0,0,0,0,0,0,0
215,0.73385,0.21943,0.86707,0.58004,0.17278,0.078261,0.048237,0.035173,0.015196,0,0,0,0,0,0,0,0,0,0,0,0,0
216,0.77984,0.27618,0.64552,0.83827,0.23176,0.15219,0.11683,0.099106,0.044163,0,0,0,0,0,0,0,0,0,0,0,0,0
217,0.89342,0.16533,0.79643,0.94186,0.34322,0.20972,0.16145,0.15312,0.068969,0,0,0,0,0,0,0,0,0,0,0,0,0
218,0.9029,0.16545,0.60938,1.075,0.30488,0.26689,0.19889,0.16598,0.088752,0,0,0,0,0,0,0,0,0,0,0,0,0
219,0.90267,0.038095,0.61037,1.0468,0.43016,0.25407,0.2154,0.20168,0.089188,0,0,0,0,0,0,0,0,0,0,0,0,0
220,0.7819,0.093904,0.50805,0.91062,0.36649,0.23047,0.18376,0.17482,0.076537,0,0,0,0,0,0,0,0,0,0,0,0,0
221,0.74512,0.15746,0.67609,0.74873,0.29469,0.21008,0.16299,0.13691,0.059074,0,0,0,0,0,0,0,0,0,0,0,0,0
222,0.72937,0.19694,0.8011,0.6433,0.20772,0.12197,0.090967,0.068155,0.033234,0,0,0,0,0,0,0,0,0,0,0,0,0
223,0.80127,0.2886,0.93833,0.60276,0.19588,0.07835,0.05446,0.046283,0.01398,0,0,0,0,0,0,0,0,0,0,0,0,0
224,0.89879,0.19346,0.83703,0.94346,0.31533,0.14818,0.13872,0.12856,0.05228,0,0,0,0,0,0,0,0,0,0,0,0,0
225,0.84605,0.22458,0.53602,1.0694,0.20809,0.14851,0.10352,0.10407,0.041694,0,0,0,0,0,0,0,0,0,0,0,0,0
226,0.88853,0.21444,0.90172,0.85071,0.29548,0.1783,0.13306,0.11179,0.054398,0,0,0,0,0,0,0,0,0,0,0,0,0
227,0.749,0.13786,0.5185,0.8764,0.29408,0.20706,0.15824,0.13922,0.06876,0,0,0,0,0,0,0,0,0,0,0,0,0
228,0.75851,0.11066,0.54329,0.89191,0.31112,0.17868,0.145,0.14674,0.066225,0,0,0,0,0,0,0,0,0,0,0,0,0
229,0.7445,0.16237,0.3739,0.9433,0.2484,0.20826,0.1677,0.12998,0.07703,0,0,0,0,0,0,0,0,0,0,0,0,0
230,0.81958,0.0098793,0.66457,0.8802,0.37019,0.25176,0.20117,0.17685,0.081294,0,0,0,0,0,0,0,0,0,0,0,0,0
231,0.90662,0.091923,0.68286,1.0295,0.38734,0.26308,0.19543,0.16862,0.083892,0,0,0,0,0,0,0,0,0,0,0,0,0
232,0.93481,0.13809,0.51176,1.1906,0.3305,0.25438,0.19001,0.13735,0.092117,0,0,0,0,0,0,0,0,0,0,0,0,0
233,0.91178,0.0225,0.53239,1.142,0.39475,0.25635,0.19199,0.15311,0.063926,0,0,0,0,0,0,0,0,0,0,0,0,0
234,0.74603,0.030293,0.54932,0.83928,0.3297,0.23732,0.18213,0.16218,0.076171,0,0,0,0,0,0,0,0,0,0,0,0,0
235,0.7609,0.080696,0.37845,0.97608,0.28725,0.19739,0.17555,0.15749,0.080374,0,0,0,0,0,0,0,0,0,0,0,0,0
236,0.73568,0.11472,0.64311,0.77225,0.30137,0.18964,0.15983,0.13694,0.063372,0,0,0,0,0,0,0,0,0,0,0,0,0
237,0.85318,0.14748,0.69717,0.96934,0.2829,0.22071,0.16758,0.1175,0.053771,0,0,0,0,0,0,0,0,0,0,0,0,0
238,0.88151,0.036619,0.27217,1.2679,0.2394,0.055385,0.097057,0.073676,0.034607,0,0,0,0,0,0,0,0,0,0,0,0,0
239,0.88055,0.13605,0.083689,1.2999,0.05681,0.14809,0.038968,0.049282,0.018129,0,0,0,0,0,0,0,0,0,0,0,0,0
240,0.774,0.02604,0.24213,1.114,0.20423,0.037684,0.08636,0.087632,0.031311,0,0,0,0,0,0,0,0,0,0,0,0,0
241,0.76102,0.019445,0.38144,0.97299,0.35802,0.19445,0.13858,0.12687,0.063219,0,0,0,0,0,0,0,0,0,0,0,0,0
242,0.73397,0.13434,0.37835,0.96279,0.22767,0.16747,0.10359,0.11133,0.051991,0,0,0,0,0,0,0,0,0,0,0,0,0
243,0.83469,0.23593,0.40245,1.1401,0.081113,0.049338,0.04202,0.012652,0.0050838,0,0,0,0,0,0,0,0,0,0,0,0,0
244,0.88454,0.23608,0.68839,1.0599,0.20797,0.052456,0.12397,0.05503,0.026957,0,0,0,0,0,0,0,0,0,0,0,0,0
245,0.91274,0.17613,0.277,1.2626,0.29306,0.19329,0.11236,0.11234,0.055448,0,0,0,0,0,0,0,0,0,0,0,0,0
246,0.80844,0.011668,0.30704,1.0804,0.31488,0.20065,0.18461,0.15345,0.075573,0,0,0,0,0,0,0,0,0,0,0,0,0
247,0.7279,0.080206,0.43106,0.96188,0.21579,0.068006,0.12194,0.081996,0.033646,0,0,0,0,0,0,0,0,0,0,0,0,0
248,0.72447,0.18853,0.69891,0.74775,0.21303,0.12549,0.086471,0.058216,0.026217,0,0,0,0,0,0,0,0,0,0,0,0,0
249,0.8529,0.20665,0.88895,0.81709,0.21084,0.16,0.13253,0.10007,0.050129,0,0,0,0,0,0,0,0,0,0,0,0,0
250,0.90238,0.13251,0.73919,0.99306,0.34987,0.24448,0.19052,0.16126,0.084654,0,0,0,0,0,0,0,0,0,0,0,0,0
251,0.90608,0.012771,0.66119,1.0174,0.42474,0.28165,0.23162,0.19056,0.087641,0,0,0,0,0,0,0,0,0,0,0,0,0
252,0.89144,0.09325,0.71707,0.98719,0.38786,0.24534,0.16624,0.15676,0.079312,0,0,0,0,0,0,0,0,0,0,0,0,0
253,0.76108,0.10819,0.13515,1.0943,0.2267,0.10423,0.096221,0.072032,0.021671,0,0,0,0,0,0,0,0,0,0,0,0,0
254,0.69576,0.16813,0.68971,0.72028,0.19875,0.097061,0.035707,0.015643,0.0043437,0,0,0,0,0,0,0,0,0,0,0,0,0
255,0.71938,0.19159,0.77205,0.68025,0.19892,0.056913,0.014812,0.034454,0.016431,0,0,0,0,0,0,0,0,0,0,0,0,0
256,0.89477,0.26994,0.98154,0.80112,0.21807,0.097547,0.086886,0.047969,0.021405,0,0,0,0,0,0,0,0,0,0,0,0,0
257,0.89683,0.18432,0.89364,0.85491,0.33696,0.21108,0.16266,0.14643,0.067452,0,0,0,0,0,0,0,0,0,0,0,0,0
258,0.90702,0.094917,0.61868,1.0668,0.37895,0.25751,0.20855,0.18481,0.08952,0,0,0,0,0,0,0,0,0,0,0,0,0
259,0.83177,0.011923,0.65815,0.91638,0.36531,0.25023,0.18634,0.17773,0.079927,0,0,0,0,0,0,0,0,0,0,0,0,0
260,0.74546,0.10375,0.47019,0.91261,0.28111,0.20725,0.16009,0.13049,0.06025,0,0,0,0,0,0,0,0,0,0,0,0,0
261,0.73486,0.17343,0.70822,0.72147,0.26145,0.17471,0.13477,0.11579,0.052392,0,0,0,0,0,0,0,0,0,0,0,0,0
262,0.73982,0.23414,0.87144,0.58399,0.15658,0.074395,0.057333,0.031902,0.012049,0,0,0,0,0,0,0,0,0,0,0,0,0
263,0.89664,0.25216,1.0077,0.75688,0.24763,0.14852,0.11398,0.091214,0.039651,0,0,0,0,0,0,0,0,0,0,0,0,0
264,0.8935,0.16063,0.67466,1.0388,0.34302,0.20835,0.15786,0.13164,0.066928,0,0,0,0,0,0,0,0,0,0,0,0,0
265,0.85836,0.18059,0.36508,1.165,0.31153,0.088396,0.096961,0.057016,0.022705,0,0,0,0,0,0,0,0,0,0,0,0,0
266,0.81196,0.25322,0.43566,0.94546,0.4705,0.23101,0.079085,0.02494,0.032524,0,0,0,0,0,0,0,0,0,0,0,0,0
267,0.72838,0.035,0.044129,1.0958,0.031309,0.027612,0.016945,0.0015567,0.0052482,0,0,0,0,0,0,0,0,0,0,0,0,0
268,0.78464,0.014394,0.12412,1.1722,0.04977,0.083007,0.018218,0.01838,0.015863,0,0,0,0,0,0,0,0,0,0,0,0,0
269,0.90382,0.0087221,0.0045011,1.362,0.020841,0.041382,0.015222,0.029374,0.0082472,0,0,0,0,0,0,0,0,0,0,0,0,0
270,0.89743,0.036254,0.12829,1.341,0.10036,0.056169,0.039825,0.016785,0.0088179,0,0,0,0,0,0,0,0,0,0,0,0,0
271,0.82233,0.012552,0.27569,1.136,0.2971,0.10967,0.15841,0.13244,0.076164,0,0,0,0,0,0,0,0,0,0,0,0,0
272,0.72528,0.046438,0.12103,1.0767,0.10686,0.051947,0.051738,0.013386,0.018729,0,0,0,0,0,0,0,0,0,0,0,0,0
273,0.74454,0.016401,0.089272,1.1126,0.10197,0.046338,0.038066,0.022637,0.0080588,0,0,0,0,0,0,0,0,0,0,0,0,0
274,0.90163,0.030196,0.066406,1.355,0.057233,0.044432,0.037969,0.014705,0.0097398,0,0,0,0,0,0,0,0,0,0,0,0,0
275,0.82936,0.15865,0.36523,1.0867,0.23514,0.27627,0.214,0.13286,0.034018,0,0,0,0,0,0,0,0,0,0,0,0,0
276,0.83286,0.18885,0.89917,0.78108,0.23297,0.12278,0.080401,0.076974,0.035176,0,0,0,0,0,0,0,0,0,0,0,0,0
277,0.72322,0.27703,0.74734,0.67702,0.1083,0.078831,0.03847,0.016078,0.006142,0,0,0,0,0,0,0,0,0,0,0,0,0
278,0.73035,0.19932,0.813,0.62844,0.20922,0.12333,0.092981,0.071923,0.030684,0,0,0,0,0,0,0,0,0,0,0,0,0
279,0.73837,0.11931,0.67437,0.7413,0.30806,0.1938,0.1629,0.15129,0.067535,0,0,0,0,0,0,0,0,0,0,0,0,0
280,0.8739,0.0042383,0.53103,1.0902,0.37668,0.19453,0.17624,0.14962,0.074121,0,0,0,0,0,0,0,0,0,0,0,0,0
281,0.9146,0.077606,0.7173,0.98854,0.42931,0.27181,0.22282,0.20612,0.092151,0,0,0,0,0,0,0,0,0,0,0,0,0
282,0.93161,0.1123,0.37984,1.217,0.45486,0.17132,0.14679,0.20149,0.074023,0,0,0,0,0,0,0,0,0,0,0,0,0
283,0.80938,0.00037281,0.094532,1.2073,0.061703,0.099858,0.032797,0.067141,0.02975,0,0,0,0,0,0,0,0,0,0,0,0,0
284,0.73567,0.026773,0.054925,1.1068,0.037485,0.015816,0.015274,0.011611,0.0040214,0,0,0,0,0,0,0,0,0,0,0,0,0
285,0.76379,0.034749,0.08364,1.1431,0.054426,0.029207,0.049382,0.050115,0.012788,0,0,0,0,0,0,0,0,0,0,0,0,0
286,0.95112,0.14075,0.35108,1.3035,0.38541,0.13565,0.11341,0.046711,0.055258,0,0,0,0,0,0,0,0,0,0,0,0,0
287,0.96119,0.20494,0.53355,1.133,0.57345,0.30796,0.031341,0.015961,0.050814,0,0,0,0,0,0,0,0,0,0,0,0,0
288,0.80908,0.14852,0.70549,0.81624,0.38287,0.23064,0.18442,0.15112,0.064765,0,0,0,0,0,0,0,0,0,0,0,0,0
289,0.73663,0.06241,0.44878,0.90058,0.27987,0.22197,0.17951,0.15867,0.066931,0,0,0,0,0,0,0,0,0,0,0,0,0
290,0.72856,0.093899,0.65439,0.73912,0.31115,0.2062,0.16701,0.14608,0.068095,0,0,0,0,0,0,0,0,0,0,0,0,0
291,0.73112,0.18912,0.79419,0.65193,0.2121,0.13959,0.10193,0.078078,0.038865,0,0,0,0,0,0,0,0,0,0,0,0,0
292,0.89879,0.31083,1.0129,0.75996,0.1758,0.077984,0.055297,0.037929,0.0048242,0,0,0,0,0,0,0,0,0,0,0,0,0
293,0.87693,0.21634,0.90261,0.84335,0.27478,0.1533,0.11987,0.087339,0.038801,0,0,0,0,0,0,0,0,0,0,0,0,0
294,0.89466,0.21506,0.7826,0.96905,0.28761,0.174,0.1567,0.13594,0.060773,0,0,0,0,0,0,0,0,0,0,0,0,0
295,0.78474,0.24974,0.32394,1.034,0.16441,0.17657,0.13677,0.095487,0.059402,0,0,0,0,0,0,0,0,0,0,0,0,0
296,0.73471,0.19304,0.68589,0.74879,0.22298,0.1626,0.13399,0.11051,0.051088,0,0,0,0,0,0,0,0,0,0,0,0,0
297,0.73286,0.028116,0.62266,0.75781,0.34467,0.2335,0.17925,0.1535,0.070344,0,0,0,0,0,0,0,0,0,0,0,0,0
298,0.77963,0.062216,0.56737,0.85405,0.37431,0.28872,0.20839,0.1744,0.066794,0,0,0,0,0,0,0,0,0,0,0,0,0
299,0.92864,0.033721,0.18566,1.348,0.25703,0.14443,0.070393,0.061611,0.05228,0,0,0,0,0,0,0,0,0,0,0,0,0
300,0.86492,0.018621,0.42683,0.87301,0.59442,0.4994,0.25778,0.043767,0.11075,0,0,0,0,0,0,0,0,0,0,0,0,0
301,0.89944,0.11763,0.3856,1.1498,0.50685,0.19568,0.086473,0.087324,0.052086,0,0,0,0,0,0,0,0,0,0,0,0,0
302,0.74039,0.029011,0.32128,1.0185,0.27952,0.06462,0.075603,0.11146,0.034101,0,0,0,0,0,0,0,0,0,0,0,0,0
303,0.72612,0.16954,0.13674,1.0339,0.17572,0.11342,0.087104,0.028474,0.0085727,0,0,0,0,0,0,0,0,0,0,0,0,0
304,0.86529,0.11479,0.21651,1.2109,0.36746,0.11682,0.031765,0.085539,0.012923,0,0,0,0,0,0,0,0,0,0,0,0,0
305,0.88521,0.050792,0.10947,1.3156,0.084646,0.13784,0.02907,0.06953,0.025999,0,0,0,0,0,0,0,0,0,0,0,0,0
306,0.86709,0.18454,0.74865,0.98315,0.2835,0.13545,0.073337,0.07127,0.03275,0,0,0,0,0,0,0,0,0,0,0,0,0
307,0.73198,0.2084,0.82796,0.61726,0.20294,0.10789,0.076863,0.062723,0.023897,0,0,0,0,0,0,0,0,0,0,0,0,0
308,0.72285,0.068499,0.47396,0.90959,0.32137,0.1346,0.042147,0.029086,0.024808,0,0,0,0,0,0,0,0,0,0,0,0,0
309,0.72575,0.17625,0.56359,0.81744,0.25384,0.18622,0.13419,0.12398,0.056793,0,0,0,0,0,0,0,0,0,0,0,0,0
310,0.862,0.075463,0.43832,1.1407,0.29159,0.15854,0.19566,0.11857,0.054564,0,0,0,0,0,0,0,0,0,0,0,0,0
311,0.9353,0.044533,0.44206,1.204,0.45926,0.1987,0.16368,0.18176,0.076826,0,0,0,0,0,0,0,0,0,0,0,0,0
312,0.89864,0.055258,0.59039,1.0641,0.37975,0.27515,0.22178,0.18743,0.087945,0,0,0,0,0,0,0,0,0,0,0,0,0
313,0.84656,0.10817,0.74957,0.89133,0.35425,0.2226,0.15242,0.14658,0.071276,0,0,0,0,0,0,0,0,0,0,0,0,0
314,0.73165,0.19249,0.8209,0.62419,0.21652,0.11692,0.086466,0.075116,0.033904,0,0,0,0,0,0,0,0,0,0,0,0,0
315,0.7331,0.23884,0.83336,0.61774,0.16238,0.064623,0.030047,0.026814,0.011056,0,0,0,0,0,0,0,0,0,0,0,0,0
316,0.69658,0.21138,0.48808,0.85425,0.19733,0.031377,0.072839,0.02961,0.0070581,0,0,0,0,0,0,0,0,0,0,0,0,0
317,0.90874,0.2853,1.0757,0.69878,0.20673,0.11,0.08079,0.068588,0.029613,0,0,0,0,0,0,0,0,0,0,0,0,0
318,0.8658,0.14936,0.4309,1.2,0.14205,0.098383,0.055572,0.022868,0.022278,0,0,0,0,0,0,0,0,0,0,0,0,0
319,0.90534,0.31064,1.0442,0.73878,0.16634,0.071501,0.051049,0.019986,0.0054886,0,0,0,0,0,0,0,0,0,0,0,0,0
320,0.79831,0.2288,0.83833,0.70095,0.2883,0.14993,0.12833,0.11669,0.051117,0,0,0,0,0,0,0,0,0,0,0,0,0
321,0.73005,0.089044,0.53982,0.82595,0.3041,0.21463,0.17993,0.15127,0.07083,0,0,0,0,0,0,0,0,0,0,0,0,0
322,0.74361,0.061805,0.55493,0.83113,0.35004,0.2159,0.16557,0.14972,0.074023,0,0,0,0,0,0,0,0,0,0,0,0,0
323,0.79184,0.021769,0.38304,1.0215,0.29331,0.25966,0.17215,0.14722,0.075816,0,0,0,0,0,0,0,0,0,0,0,0,0
324,0.94435,0.073609,0.55644,1.1743,0.38008,0.26901,0.21643,0.15173,0.091178,0,0,0,0,0,0,0,0,0,0,0,0,0
325,0.94053,0.036497,0.57363,1.1372,0.4471,0.28995,0.18262,0.15817,0.0834,0,0,0,0,0,0,0,0,0,0,0,0,0
326,0.91995,0.11155,0.62041,1.0718,0.42933,0.23634,0.20663,0.20046,0.089173,0,0,0,0,0,0,0,0,0,0,0,0,0
327,0.78973,0.024117,0.33698,1.0102,0.37571,0.24102,0.20021,0.13845,0.062413,0,0,0,0,0,0,0,0,0,0,0,0,0
328,0.75125,0.028032,0.5311,0.85621,0.35618,0.23764,0.17654,0.1507,0.071604,0,0,0,0,0,0,0,0,0,0,0,0,0
329,0.73081,0.12705,0.7044,0.71489,0.27884,0.18907,0.15167,0.13045,0.062151,0,0,0,0,0,0,0,0,0,0,0,0,0
330,0.79559,0.29666,0.83595,0.7055,0.19728,0.10588,0.087069,0.070061,0.027907,0,0,0,0,0,0,0,0,0,0,0,0,0
331,0.87523,0.2573,0.95256,0.80646,0.20094,0.098532,0.050262,0.016471,0.0040987,0,0,0,0,0,0,0,0,0,0,0,0,0
332,0.88768,0.24198,0.97244,0.79139,0.25452,0.13085,0.087722,0.07687,0.037576,0,0,0,0,0,0,0,0,0,0,0,0,0
333,0.90469,0.19895,0.78118,0.99036,0.30971,0.1673,0.16821,0.12676,0.059003,0,0,0,0,0,0,0,0,0,0,0,0,0
334,0.74933,0.13134,0.5487,0.84678,0.30307,0.2057,0.19309,0.15287,0.069609,0,0,0,0,0,0,0,0,0,0,0,0,0
335,0.74445,0.0020997,0.53275,0.85566,0.31945,0.23524,0.17959,0.15281,0.076173,0,0,0,0,0,0,0,0,0,0,0,0,0
336,0.74298,0.078166,0.59832,0.81316,0.31646,0.23089,0.16412,0.14608,0.061234,0,0,0,0,0,0,0,0,0,0,0,0,0
337,0.80639,0.21419,0.6189,0.90916,0.28176,0.18381,0.15763,0.14194,0.052158,0,0,0,0,0,0,0,0,0,0,0,0,0
338,0.89453,0.2357,0.9214,0.83734,0.28727,0.19257,0.13731,0.10789,0.040894,0,0,0,0,0,0,0,0,0,0,0,0,0
339,0.90769,0.29534,1.0786,0.70405,0.18282,0.068103,0.047642,0.032537,0.0015532,0,0,0,0,0,0,0,0,0,0,0,0,0
340,0.88902,0.2408,0.82999,0.95128,0.24598,0.08522,0.08572,0.09007,0.035376,0,0,0,0,0,0,0,0,0,0,0,0,0
341,0.74595,0.19411,0.74996,0.72362,0.24004,0.11368,0.10674,0.11088,0.043966,0,0,0,0,0,0,0,0,0,0,0,0,0
342,0.74544,0.1199,0.65689,0.7781,0.29517,0.19456,0.16858,0.13995,0.06591,0,0,0,0,0,0,0,0,0,0,0,0,0
343,0.73355,0.004078,0.53293,0.84074,0.30824,0.22067,0.17973,0.15969,0.075715,0,0,0,0,0,0,0,0,0,0,0,0,0
344,0.82538,0.11164,0.61527,0.91042,0.38671,0.2087,0.22511,0.17716,0.078994,0,0,0,0,0,0,0,0,0,0,0,0,0
345,0.941,0.035178,0.46948,1.205,0.43304,0.25246,0.1881,0.15771,0.07015,0,0,0,0,0,0,0,0,0,0,0,0,0
346,0.90214,0.0072271,0.66376,1.0089,0.43756,0.27182,0.21157,0.1876,0.090325,0,0,0,0,0,0,0,0,0,0,0,0,0
347,0.89411,0.18411,0.61019,1.068,0.32635,0.21143,0.1805,0.14501,0.071325,0,0,0,0,0,0,0,0,0,0,0,0,0
348,0.73376,0.15548,0.72009,0.71245,0.27402,0.172,0.12866,0.11981,0.051883,0,0,0,0,0,0,0,0,0,0,0,0,0
349,0.73934,0.25322,0.84684,0.60814,0.13179,0.07967,0.051589,0.030241,0.017201,0,0,0,0,0,0,0,0,0,0,0,0,0
350,0.72415,0.19534,0.80314,0.63426,0.20848,0.10602,0.072359,0.064257,0.030609,0,0,0,0,0,0,0,0,0,0,0,0,0
351,0.83306,0.13171,0.7965,0.83607,0.30195,0.21359,0.1644,0.1454,0.066354,0,0,0,0,0,0,0,0,0,0,0,0,0
352,0.89546,0.018637,0.74142,0.94668,0.39821,0.29027,0.22722,0.19566,0.087914,0,0,0,0,0,0,0,0,0,0,0,0,0
353,0.91514,0.015449,0.59606,1.0998,0.38618,0.26351,0.22117,0.16445,0.09278,0,0,0,0,0,0,0,0,0,0,0,0,0
354,0.89385,0.16977,0.60173,1.0911,0.26397,0.23236,0.16956,0.1461,0.080321,0,0,0,0,0,0,0,0,0,0,0,0,0
355,0.73963,0.194,0.81068,0.63328,0.23203,0.14848,0.11762,0.10135,0.044063,0,0,0,0,0,0,0,0,0,0,0,0,0
356,0.72005,0.24952,0.69931,0.73583,0.1056,0.096941,0.045605,0.018676,0.021252,0,0,0,0,0,0,0,0,0,0,0,0,0
357,0.73247,0.2229,0.82979,0.62815,0.17315,0.059413,0.046959,0.040899,0.014098,0,0,0,0,0,0,0,0,0,0,0,0,0
358,0.84821,0.20149,0.83676,0.85253,0.24262,0.14698,0.14848,0.10802,0.046922,0,0,0,0,0,0,0,0,0,0,0,0,0
359,0.90358,0.0938,0.76304,0.96151,0.37518,0.28301,0.21661,0.17388,0.080885,0,0,0,0,0,0,0,0,0,0,0,0,0
360,0.93335,0.10599,0.51592,1.1628,0.402,0.28403,0.21818,0.16115,0.065166,0,0,0,0,0,0,0,0,0,0,0,0,0
361,0.88491,0.055558,0.62269,1.0692,0.28611,0.24965,0.18637,0.17376,0.08158,0,0,0,0,0,0,0,0,0,0,0,0,0
362,0.77138,0.032279,0.43887,0.96639,0.27967,0.26432,0.14314,0.17854,0.057563,0,0,0,0,0,0,0,0,0,0,0,0,0
363,0.7395,0.053699,0.52605,0.8568,0.29124,0.23851,0.17379,0.16231,0.067508,0,0,0,0,0,0,0,0,0,0,0,0,0
364,0.76146,0.081089,0.5115,0.90375,0.35471,0.19969,0.1345,0.11743,0.071706,0,0,0,0,0,0,0,0,0,0,0,0,0
365,0.85142,0.14822,0.85793,0.84164,0.26535,0.17874,0.15107,0.12286,0.062634,0,0,0,0,0,0,0,0,0,0,0,0,0
366,0.8731,0.30614,0.74193,0.95414,0.18133,0.17054,0.094409,0.085548,0.036929,0,0,0,0,0,0,0,0,0,0,0,0,0
367,0.87912,0.24933,0.90592,0.85414,0.22532,0.14349,0.083205,0.056082,0.023547,0,0,0,0,0,0,0,0,0,0,0,0,0
368,0.83362,0.28034,0.88647,0.78097,0.11595,0.10579,0.041881,0.037643,0.0056553,0,0,0,0,0,0,0,0,0,0,0,0,0
369,0.73245,0.21107,0.80483,0.64263,0.19866,0.11262,0.089288,0.06947,0.032338,0,0,0,0,0,0,0,0,0,0,0,0,0
370,0.73248,0.1159,0.64413,0.77148,0.30114,0.18376,0.13996,0.12397,0.063469,0,0,0,0,0,0,0,0,0,0,0,0,0
371,0.73683,0.011062,0.50091,0.85833,0.34187,0.21199,0.18074,0.159,0.069402,0,0,0,0,0,0,0,0,0,0,0,0,0
372,0.88476,0.074262,0.49574,1.1269,0.38165,0.23619,0.14528,0.14096,0.043856,0,0,0,0,0,0,0,0,0,0,0,0,0
373,0.88663,0.19439,0.65009,1.029,0.31759,0.21793,0.18008,0.1486,0.072336,0,0,0,0,0,0,0,0,0,0,0,0,0
374,0.89935,0.09368,0.75193,0.95999,0.36715,0.27017,0.21612,0.18614,0.091791,0,0,0,0,0,0,0,0,0,0,0,0,0
375,0.83879,0.073319,0.58013,0.98172,0.34027,0.25974,0.19185,0.16113,0.089388,0,0,0,0,0,0,0,0,0,0,0,0,0
376,0.73653,0.096933,0.64767,0.76781,0.32443,0.20196,0.14408,0.12383,0.06403,0,0,0,0,0,0,0,0,0,0,0,0,0
377,0.73646,0.209,0.83219,0.61655,0.20651,0.11462,0.080486,0.071065,0.034324,0,0,0,0,0,0,0,0,0,0,0,0,0
378,0.73623,0.2259,0.84347,0.62038,0.16555,0.062809,0.042916,0.030277,0.012722,0,0,0,0,0,0,0,0,0,0,0,0,0
379,0.88589,0.21639,0.86751,0.90909,0.26663,0.12719,0.11264,0.074282,0.032514,0,0,0,0,0,0,0,0,0,0,0,0,0
380,0.90481,0.19932,0.86404,0.88973,0.33274,0.21127,0.18086,0.16044,0.073235,0,0,0,0,0,0,0,0,0,0,0,0,0
381,0.89436,0.031043,0.72162,0.9692,0.39141,0.27672,0.2139,0.18618,0.09098,0,0,0,0,0,0,0,0,0,0,0,0,0
382,0.84342,0.10205,0.78589,0.8648,0.32467,0.22014,0.16758,0.14348,0.070996,0,0,0,0,0,0,0,0,0,0,0,0,0
383,0.7416,0.23393,0.79409,0.67546,0.16504,0.098915,0.0969,0.057622,0.02896,0,0,0,0,0,0,0,0,0,0,0,0,0
384,0.71241,0.24687,0.64783,0.76588,0.12664,0.089028,0.038565,0.033065,0.0048103,0,0,0,0,0,0,0,0,0,0,0,0,0
385,0.73745,0.25787,0.81323,0.64718,0.1205,0.074542,0.054032,0.019872,0.013897,0,0,0,0,0,0,0,0,0,0,0,0,0
386,0.83591,0.13779,0.80399,0.90318,0.26603,0.12821,0.038315,0.012844,0.010885,0,0,0,0,0,0,0,0,0,0,0,0,0
387,0.87877,0.24943,0.87789,0.89474,0.21795,0.082083,0.070504,0.03816,0.012588,0,0,0,0,0,0,0,0,0,0,0,0,0
388,0.86387,0.042152,0.66938,1.0228,0.37115,0.20717,0.093528,0.016261,0.035709,0,0,0,0,0,0,0,0,0,0,0,0,0
389,0.77205,0.16149,0.20767,1.1098,0.12517,0.092179,0.061479,0.031689,0.0082918,0,0,0,0,0,0,0,0,0,0,0,0,0
390,0.7412,0.005401,0.023843,1.1158,0.028097,0.054054,0.020508,0.0144,0.0069862,0,0,0,0,0,0,0,0,0,0,0,0,0
391,0.76533,0.00072633,0.15462,1.1417,0.034265,0.05588,0.029964,0.011577,0.0061,0,0,0,0,0,0,0,0,0,0,0,0,0
392,0.87623,0.033149,0.13765,0.95945,0.71422,0.3839,0.27708,0.14202,0.087973,0,0,0,0,0,0,0,0,0,0,0,0,0
393,0.85979,0.20644,0.43299,1.1029,0.40053,0.1168,0.09501,0.022702,0.040728,0,0,0,0,0,0,0,0,0,0,0,0,0
394,0.78875,0.22511,0.67029,0.83637,0.26361,0.20603,0.1245,0.13754,0.053951,0,0,0,0,0,0,0,0,0,0,0,0,0
395,0.73851,0.14751,0.66626,0.78894,0.28708,0.13189,0.10882,0.11252,0.038398,0,0,0,0,0,0,0,0,0,0,0,0,0
396,0.74468,0.075869,0.51627,0.88801,0.3569,0.1876,0.066074,0.071657,0.059018,0,0,0,0,0,0,0,0,0,0,0,0,0
397,0.80265,0.24347,0.80052,0.74325,0.28196,0.15473,0.14133,0.12377,0.050921,0,0,0,0,0,0,0,0,0,0,0,0,0
398,0.89656,0.28192,1.0204,0.76132,0.19423,0.080368,0.05854,0.033242,0.010936,0,0,0,0,0,0,0,0,0,0,0,0,0
399,0.86723,0.20837,0.72665,1.0199,0.21466,0.0087237,0.076543,0.057942,0.011294,0,0,0,0,0,0,0,0,0,0,0,0,0
400,0.87283,0.26885,0.86664,0.88649,0.20039,0.079336,0.051503,0.045032,0.014861,0,0,0,0,0,0,0,0,0,0,0,0,0
401,0.73737,0.25222,0.84183,0.60727,0.14469,0.078926,0.050363,0.03868,0.016301,0,0,0,0,0,0,0,0,0,0,0,0,0
402,0.74651,0.17816,0.68161,0.78257,0.27994,0.10293,0.10985,0.1241,0.047751,0,0,0,0,0,0,0,0,0,0,0,0,0
403,0.73045,0.10291,0.65564,0.74804,0.28906,0.21057,0.16468,0.1485,0.067375,0,0,0,0,0,0,0,0,0,0,0,0,0
404,0.81451,0.11708,0.64148,0.87825,0.37564,0.23702,0.19906,0.15723,0.081162,0,0,0,0,0,0,0,0,0,0,0,0,0
405,0.89478,0.20507,0.91293,0.84713,0.30125,0.19082,0.15215,0.12437,0.060256,0,0,0,0,0,0,0,0,0,0,0,0,0
406,0.89793,0.29959,1.0103,0.76211,0.18444,0.10132,0.068729,0.047094,0.020799,0,0,0,0,0,0,0,0,0,0,0,0,0
407,0.89349,0.26539,0.99268,0.77923,0.22122,0.1229,0.089794,0.068283,0.032961,0,0,0,0,0,0,0,0,0,0,0,0,0
408,0.73052,0.21109,0.56812,0.80919,0.23084,0.18919,0.14514,0.12283,0.064349,0,0,0,0,0,0,0,0,0,0,0,0,0
409,0.75084,0.12167,0.45125,0.97189,0.17411,0.18422,0.13163,0.07448,0.065515,0,0,0,0,0,0,0,0,0,0,0,0,0
410,0.7357,0.14901,0.71438,0.71891,0.26184,0.18358,0.14914,0.12419,0.059002,0,0,0,0,0,0,0,0,0,0,0,0,0
411,0.82428,0.043724,0.61318,0.92942,0.35747,0.25444,0.20075,0.17345,0.082025,0,0,0,0,0,0,0,0,0,0,0,0,0
412,0.90542,0.11562,0.77009,0.96463,0.37951,0.23612,0.20795,0.17199,0.083589,0,0,0,0,0,0,0,0,0,0,0,0,0
413,0.89846,0.2518,0.91313,0.8493,0.27789,0.17256,0.1368,0.11551,0.052417,0,0,0,0,0,0,0,0,0,0,0,0,0
414,0.90008,0.28726,0.97868,0.81979,0.18605,0.071155,0.075717,0.040007,0.014114,0,0,0,0,0,0,0,0,0,0,0,0,0
415,0.74151,0.23472,0.8282,0.631,0.17281,0.10144,0.085989,0.063487,0.029365,0,0,0,0,0,0,0,0,0,0,0,0,0
416,0.74217,0.13314,0.66592,0.76818,0.28531,0.20071,0.14796,0.13133,0.064155,0,0,0,0,0,0,0,0,0,0,0,0,0
417,0.73661,0.036344,0.5715,0.81423,0.31757,0.23033,0.18152,0.15354,0.074844,0,0,0,0,0,0,0,0,0,0,0,0,0
418,0.80798,0.15549,0.69662,0.83626,0.34274,0.2201,0.17914,0.15121,0.073954,0,0,0,0,0,0,0,0,0,0,0,0,0
419,0.90608,0.27031,1.0867,0.68228,0.21282,0.1161,0.085065,0.065873,0.029429,0,0,0,0,0,0,0,0,0,0,0,0,0
420,0.86057,0.20438,0.8702,0.86053,0.26436,0.14638,0.094083,0.049708,0.014928,0,0,0,0,0,0,0,0,0,0,0,0,0
421,0.8977,0.29573,1.0185,0.75751,0.17742,0.093526,0.064358,0.037579,0.018124,0,0,0,0,0,0,0,0,0,0,0,0,0
422,0.71654,0.20503,0.54285,0.86059,0.15217,0.097164,0.08176,0.066213,0.029534,0,0,0,0,0,0,0,0,0,0,0,0,0
423,0.71465,0.19935,0.69796,0.73878,0.17943,0.094374,0.068519,0.037957,0.019603,0,0,0,0,0,0,0,0,0,0,0,0,0
424,0.72319,0.21194,0.7212,0.70637,0.20614,0.13835,0.087696,0.079484,0.028701,0,0,0,0,0,0,0,0,0,0,0,0,0
425,0.84033,0.17658,0.77422,0.88583,0.25068,0.19912,0.1374,0.13611,0.057875,0,0,0,0,0,0,0,0,0,0,0,0,0
426,0.89031,0.086699,0.76801,0.93258,0.36901,0.26592,0.2137,0.18376,0.086307,0,0,0,0,0,0,0,0,0,0,0,0,0
427,0.91504,0.024039,0.56088,1.0945,0.44068,0.26938,0.21446,0.18205,0.086837,0,0,0,0,0,0,0,0,0,0,0,0,0
428,0.8873,0.11825,0.68031,1.0152,0.31952,0.26433,0.17582,0.17836,0.072437,0,0,0,0,0,0,0,0,0,0,0,0,0
429,0.73263,0.16258,0.69758,0.73131,0.26191,0.17385,0.13405,0.11806,0.053417,0,0,0,0,0,0,0,0,0,0,0,0,0
430,0.7151,0.16229,0.60782,0.80891,0.2129,0.13122,0.098315,0.072274,0.044461,0,0,0,0,0,0,0,0,0,0,0,0,0
431,0.7357,0.22303,0.84822,0.60133,0.18334,0.087027,0.061318,0.055326,0.02277,0,0,0,0,0,0,0,0,0,0,0,0,0
432,0.83469,0.24248,0.90685,0.7815,0.13862,0.098096,0.050397,0.032577,0.020233,0,0,0,0,0,0,0,0,0,0,0,0,0
433,0.8812,0.2031,0.87121,0.88769,0.30987,0.13795,0.087977,0.088318,0.035709,0,0,0,0,0,0,0,0,0,0,0,0,0
434,0.88636,0.20795,0.81805,0.95293,0.26959,0.11711,0.12277,0.10254,0.042556,0,0,0,0,0,0,0,0,0,0,0,0,0
435,0.85328,0.13826,0.8322,0.86201,0.28132,0.1857,0.16837,0.13597,0.060335,0,0,0,0,0,0,0,0,0,0,0,0,0
436,0.75568,0.043856,0.48943,0.90029,0.36115,0.19554,0.16186,0.14851,0.06876,0,0,0,0,0,0,0,0,0,0,0,0,0
437,0.74167,0.016622,0.51359,0.86945,0.29724,0.23383,0.17469,0.15874,0.075989,0,0,0,0,0,0,0,0,0,0,0,0,0
438,0.74297,0.12093,0.67688,0.74129,0.31804,0.20793,0.16011,0.14222,0.069615,0,0,0,0,0,0,0,0,0,0,0,0,0
439,0.87047,0.079415,0.65664,1.038,0.33158,0.19069,0.1282,0.12152,0.064332,0,0,0,0,0,0,0,0,0,0,0,0,0
440,0.92475,0.15183,0.66479,1.0871,0.36607,0.2363,0.17878,0.17233,0.066899,0,0,0,0,0,0,0,0,0,0,0,0,0
441,0.89478,0.20923,0.89816,0.86116,0.30455,0.19216,0.14258,0.12595,0.059034,0,0,0,0,0,0,0,0,0,0,0,0,0
442,0.85337,0.25189,1.0037,0.70007,0.13866,0.088836,0.0617,0.025741,0.01445,0,0,0,0,0,0,0,0,0,0,0,0,0
443,0.73522,0.19924,0.78691,0.6777,0.22098,0.081772,0.074312,0.079886,0.030345,0,0,0,0,0,0,0,0,0,0,0,0,0
444,0.7393,0.16415,0.69437,0.7513,0.26058,0.15336,0.13974,0.12141,0.053712,0,0,0,0,0,0,0,0,0,0,0,0,0
445,0.74405,0.055082,0.56921,0.83037,0.35459,0.20751,0.15124,0.13715,0.070577,0,0,0,0,0,0,0,0,0,0,0,0,0
446,0.8582,0.0012371,0.641,0.99143,0.33843,0.23402,0.20778,0.17537,0.079304,0,0,0,0,0,0,0,0,0,0,0,0,0
447,0.92196,0.0066239,0.61473,1.0877,0.41426,0.2897,0.21855,0.17775,0.081016,0,0,0,0,0,0,0,0,0,0,0,0,0
448,0.91895,0.037154,0.56388,1.1073,0.41413,0.28192,0.2165,0.18203,0.085576,0,0,0,0,0,0,0,0,0,0,0,0,0
449,0.83425,0.098136,0.732,0.87245,0.33948,0.24798,0.18393,0.16162,0.071487,0,0,0,0,0,0,0,0,0,0,0,0,0
450,0.72206,0.17999,0.68419,0.73847,0.22653,0.15493,0.10539,0.097065,0.045547,0,0,0,0,0,0,0,0,0,0,0,0,0
451,0.73582,0.17547,0.47259,0.90819,0.23552,0.17644,0.12233,0.098392,0.044995,0,0,0,0,0,0,0,0,0,0,0,0,0
452,0.73375,0.14349,0.6997,0.72923,0.27827,0.1787,0.14046,0.11561,0.058469,0,0,0,0,0,0,0,0,0,0,0,0,0
453,0.90545,0.30802,1.0597,0.71321,0.16881,0.093617,0.061455,0.037803,0.017394,0,0,0,0,0,0,0,0,0,0,0,0,0
454,0.90037,0.2672,0.96649,0.80939,0.23652,0.14723,0.12282,0.094067,0.042822,0,0,0,0,0,0,0,0,0,0,0,0,0
455,0.90178,0.14517,0.81607,0.91291,0.36283,0.26052,0.20135,0.17246,0.081594,0,0,0,0,0,0,0,0,0,0,0,0,0
456,0.82846,0.018255,0.62671,0.91921,0.37296,0.2636,0.20675,0.17403,0.085873,0,0,0,0,0,0,0,0,0,0,0,0,0
457,0.69218,0.086012,0.29427,0.96238,0.22228,0.064118,0.075286,0.01933,0.024072,0,0,0,0,0,0,0,0,0,0,0,0,0
458,0.74097,0.23252,0.84399,0.62034,0.1665,0.077748,0.070544,0.050779,0.020511,0,0,0,0,0,0,0,0,0,0,0,0,0
459,0.79156,0.26404,0.39717,0.79126,0.5975,0.10127,0.28868,0.030742,0.10598,0,0,0,0,0,0,0,0,0,0,0,0,0
460,0.88267,0.29201,0.94132,0.81452,0.19212,0.1048,0.051135,0.043167,0.0091908,0,0,0,0,0,0,0,0,0,0,0,0,0
461,0.88543,0.30067,0.71379,1.0276,0.11021,0.094673,0.10887,0.024696,0.024665,0,0,0,0,0,0,0,0,0,0,0,0,0
462,0.83453,0.077948,0.34964,1.0669,0.49629,0.14765,0.055739,0.16204,0.060355,0,0,0,0,0,0,0,0,0,0,0,0,0
463,0.73632,0.004195,0.097492,1.091,0.16027,0.0095114,0.068803,0.0075633,0.027646,0,0,0,0,0,0,0,0,0,0,0,0,0
464,0.74737,0.039283,0.29205,0.83462,0.58925,0.11497,0.23884,0.12859,0.1091,0,0,0,0,0,0,0,0,0,0,0,0,0
465,0.88596,0.0026817,0.37243,1.2362,0.31859,0.045507,0.092411,0.064249,0.020475,0,0,0,0,0,0,0,0,0,0,0,0,0
466,0.91254,0.10376,0.44489,1.2143,0.42106,0.089028,0.094014,0.029048,0.038542,0,0,0,0,0,0,0,0,0,0,0,0,0
467,0.8591,0.065833,0.43565,1.0248,0.46237,0.35033,0.23115,0.17268,0.047213,0,0,0,0,0,0,0,0,0,0,0,0,0
468,0.7292,0.19913,0.76136,0.69209,0.2179,0.1077,0.0771,0.063124,0.023812,0,0,0,0,0,0,0,0,0,0,0,0,0
469,0.69304,0.14114,0.54038,0.85442,0.16044,0.035532,0.036444,0.040873,0.016277,0,0,0,0,0,0,0,0,0,0,0,0,0
470,0.78387,0.28981,0.82482,0.7113,0.18644,0.075701,0.049996,0.028151,0.0059327,0,0,0,0,0,0,0,0,0,0,0,0,0
471,0.88477,0.31032,0.88895,0.85572,0.18256,0.12466,0.080826,0.075314,0.02616,0,0,0,0,0,0,0,0,0,0,0,0,0
472,0.89298,0.18359,0.89183,0.84698,0.32016,0.21799,0.17989,0.14854,0.071476,0,0,0,0,0,0,0,0,0,0,0,0,0
473,0.9166,0.057478,0.6449,1.0488,0.4229,0.28696,0.22045,0.18267,0.091229,0,0,0,0,0,0,0,0,0,0,0,0,0
474,0.79092,0.071115,0.55203,0.89059,0.38782,0.25936,0.1808,0.1562,0.081741,0,0,0,0,0,0,0,0,0,0,0,0,0
475,0.74979,0.13882,0.68164,0.75289,0.31195,0.21283,0.15973,0.13891,0.060899,0,0,0,0,0,0,0,0,0,0,0,0,0
476,0.73097,0.20632,0.67504,0.76186,0.203,0.15187,0.10667,0.092599,0.043923,0,0,0,0,0,0,0,0,0,0,0,0,0
477,0.78042,0.27144,0.83317,0.68702,0.2117,0.11579,0.074121,0.061687,0.029204,0,0,0,0,0,0,0,0,0,0,0,0,0
478,0.8897,0.30087,1.0011,0.75231,0.18298,0.10364,0.058999,0.047951,0.0169,0,0,0,0,0,0,0,0,0,0,0,0,0
479,0.88941,0.18768,0.88323,0.86577,0.32295,0.18976,0.14572,0.12727,0.060887,0,0,0,0,0,0,0,0,0,0,0,0,0
480,0.90694,0.13705,0.63697,1.0649,0.37009,0.22214,0.20109,0.17714,0.076649,0,0,0,0,0,0,0,0,0,0,0,0,0
481,0.76484,0.0078477,0.48726,0.89117,0.3565,0.24905,0.20176,0.17685,0.080715,0,0,0,0,0,0,0,0,0,0,0,0,0
482,0.73184,0.11479,0.68932,0.71675,0.30307,0.20577,0.15964,0.13742,0.064978,0,0,0,0,0,0,0,0,0,0,0,0,0
483,0.74171,0.054314,0.28931,1.0071,0.31106,0.10084,0.14702,0.10772,0.033563,0,0,0,0,0,0,0,0,0,0,0,0,0
484,0.86949,0.044914,0.58167,1.0845,0.33133,0.15372,0.18344,0.1323,0.050188,0,0,0,0,0,0,0,0,0,0,0,0,0
485,0.84771,0.11369,0.63642,1.024,0.30617,0.16534,0.13963,0.089238,0.033871,0,0,0,0,0,0,0,0,0,0,0,0,0
486,0.89389,0.2459,0.86311,0.90836,0.27299,0.13467,0.12927,0.093325,0.038021,0,0,0,0,0,0,0,0,0,0,0,0,0
487,0.84948,0.13131,0.81049,0.87582,0.30237,0.17801,0.15164,0.12689,0.05923,0,0,0,0,0,0,0,0,0,0,0,0,0
488,0.73965,0.091661,0.53708,0.85456,0.30469,0.19874,0.17158,0.14856,0.067323,0,0,0,0,0,0,0,0,0,0,0,0,0
489,0.74369,0.0031268,0.52125,0.86401,0.30892,0.23686,0.17844,0.15094,0.078177,0,0,0,0,0,0,0,0,0,0,0,0,0
490,0.73966,0.056069,0.57112,0.82097,0.34791,0.20507,0.168,0.14159,0.066625,0,0,0,0,0,0,0,0,0,0,0,0,0
491,0.86488,0.14508,0.58324,1.0585,0.2969,0.17418,0.17757,0.16234,0.06228,0,0,0,0,0,0,0,0,0,0,0,0,0
492,0.9009,0.21783,0.92206,0.84862,0.30599,0.177,0.14654,0.12384,0.057596,0,0,0,0,0,0,0,0,0,0,0,0,0
493,0.8949,0.31051,0.97166,0.80208,0.1629,0.095787,0.061796,0.033979,0.016901,0,0,0,0,0,0,0,0,0,0,0,0,0
494,0.84817,0.21236,0.97211,0.72759,0.20223,0.11572,0.087825,0.069675,0.03063,0,0,0,0,0,0,0,0,0,0,0,0,0
495,0.73799,0.15991,0.70119,0.72865,0.26655,0.18584,0.1436,0.13475,0.058995,0,0,0,0,0,0,0,0,0,0,0,0,0
496,0.73656,0.022205,0.55588,0.82406,0.32021,0.23517,0.18936,0.15429,0.068483,0,0,0,0,0,0,0,0,0,0,0,0,0
497,0.7741,0.041824,0.21762,1.0909,0.19025,0.18247,0.16798,0.075471,0.064168,0,0,0,0,0,0,0,0,0,0,0,0,0
498,0.89708,0.17002,0.79003,0.97124,0.33373,0.17156,0.15982,0.12515,0.059453,0,0,0,0,0,0,0,0,0,0,0,0,0
499,0.90569,0.1066,0.66125,1.0341,0.40397,0.24884,0.19842,0.17558,0.085071,0,0,0,0,0,0,0,0,0,0,0,0,0
500,0.91479,0.015281,0.55985,1.1203,0.36967,0.26104,0.22762,0.17953,0.091633,0,0,0,0,0,0,0,0,0,0,0,0,0
501,0.83592,0.0038826,0.60164,0.94163,0.41687,0.2529,0.18657,0.15844,0.085052,0,0,0,0,0,0,0,0,0,0,0,0,0
502,0.72809,0.14869,0.67048,0.74097,0.26036,0.19056,0.14665,0.12829,0.061054,0,0,0,0,0,0,0,0,0,0,0,0,0
503,0.72994,0.19245,0.79007,0.65477,0.22298,0.12822,0.094351,0.07465,0.029866,0,0,0,0,0,0,0,0,0,0,0,0,0
504,0.71629,0.19852,0.65323,0.78057,0.18103,0.096399,0.078798,0.040962,0.023152,0,0,0,0,0,0,0,0,0,0,0,0,0
505,0.87887,0.21526,0.87063,0.89226,0.30037,0.080088,0.052754,0.084812,0.031488,0,0,0,0,0,0,0,0,0,0,0,0,0
506,0.86812,0.35074,0.62381,1.0175,0.077134,0.16538,0.056071,0.063616,0.027247,0,0,0,0,0,0,0,0,0,0,0,0,0
507,0.905,0.29462,1.0335,0.7548,0.19449,0.079998,0.072154,0.039801,0.012271,0,0,0,0,0,0,0,0,0,0,0,0,0
508,0.79827,0.26028,0.85927,0.69256,0.24062,0.11289,0.10655,0.083043,0.034164,0,0,0,0,0,0,0,0,0,0,0,0,0
509,0.73293,0.1102,0.66067,0.75611,0.27866,0.20033,0.16549,0.1388,0.066262,0,0,0,0,0,0,0,0,0,0,0,0,0
510,0.73396,0.076663,0.63588,0.75265,0.32832,0.22723,0.17906,0.15054,0.070284,0,0,0,0,0,0,0,0,0,0,0,0,0
511,0.74492,0.18142,0.72018,0.74361,0.23068,0.16314,0.13086,0.10287,0.058671,0,0,0,0,0,0,0,0,0,0,0,0,0
512,0.91144,0.30911,1.0894,0.6905,0.16641,0.070041,0.048717,0.024874,0.0033755,0,0,0,0,0,0,0,0,0,0,0,0,0
513,0.90158,0.27964,0.82642,0.94607,0.24548,0.1123,0.14925,0.090443,0.038377,0,0,0,0,0,0,0,0,0,0,0,0,0
514,0.89231,0.17048,0.83753,0.89176,0.31732,0.24513,0.1833,0.16981,0.075674,0,0,0,0,0,0,0,0,0,0,0,0,0
515,0.84458,0.11358,0.40503,1.0755,0.38176,0.19117,0.18224,0.17081,0.073104,0,0,0,0,0,0,0,0,0,0,0,0,0
516,0.74845,0.035323,0.49981,0.89377,0.26984,0.25443,0.1576,0.17586,0.065923,0,0,0,0,0,0,0,0,0,0,0,0,0
517,0.76856,0.021099,0.41499,0.94577,0.40223,0.22743,0.14749,0.12889,0.063393,0,0,0,0,0,0,0,0,0,0,0,0,0
518,0.76473,0.010434,0.55883,0.8353,0.37091,0.27132,0.20986,0.17551,0.076815,0,0,0,0,0,0,0,0,0,0,0,0,0
519,0.91652,0.14491,0.56224,1.1334,0.32728,0.25491,0.18177,0.15902,0.08091,0,0,0,0,0,0,0,0,0,0,0,0,0
520,0.90487,0.1485,0.69751,1.0357,0.35956,0.21308,0.16585,0.16885,0.072079,0,0,0,0,0,0,0,0,0,0,0,0,0
521,0.90207,0.25069,0.83348,0.92967,0.28569,0.16983,0.15874,0.10923,0.053014,0,0,0,0,0,0,0,0,0,0,0,0,0
522,0.76859,0.25597,0.75425,0.75892,0.20756,0.10888,0.070556,0.056542,0.032148,0,0,0,0,0,0,0,0,0,0,0,0,0
523,0.7325,0.2635,0.78918,0.6606,0.12568,0.065992,0.045708,0.02344,0.0046477,0,0,0,0,0,0,0,0,0,0,0,0,0
524,0.72943,0.19477,0.7751,0.68053,0.2208,0.089632,0.076314,0.065911,0.026005,0,0,0,0,0,0,0,0,0,0,0,0,0
525,0.78515,0.19636,0.74071,0.7558,0.30792,0.20112,0.16011,0.13727,0.066631,0,0,0,0,0,0,0,0,0,0,0,0,0
526,0.90072,0.014122,0.66423,1.0114,0.41533,0.27581,0.22756,0.18733,0.08717,0,0,0,0,0,0,0,0,0,0,0,0,0
527,0.89881,0.14302,0.7493,0.97577,0.33929,0.25821,0.18759,0.17067,0.079721,0,0,0,0,0,0,0,0,0,0,0,0,0
528,0.89942,0.28495,0.96092,0.80447,0.22984,0.14556,0.11021,0.10043,0.046925,0,0,0,0,0,0,0,0,0,0,0,0,0
529,0.78897,0.29124,0.83331,0.71875,0.16898,0.063538,0.051595,0.017748,0.0075121,0,0,0,0,0,0,0,0,0,0,0,0,0
530,0.74032,0.21388,0.80692,0.64819,0.20227,0.12448,0.10878,0.083731,0.037712,0,0,0,0,0,0,0,0,0,0,0,0,0
531,0.74574,0.080765,0.61607,0.79384,0.36024,0.23449,0.1675,0.12468,0.050366,0,0,0,0,0,0,0,0,0,0,0,0,0
532,0.7729,0.07971,0.58202,0.83949,0.36004,0.25872,0.20043,0.16643,0.082255,0,0,0,0,0,0,0,0,0,0,0,0,0
533,0.90202,0.1101,0.7669,0.95526,0.38214,0.26358,0.20691,0.17172,0.082287,0,0,0,0,0,0,0,0,0,0,0,0,0
534,0.90436,0.26561,1.0446,0.72811,0.22856,0.13619,0.10427,0.086048,0.04098,0,0,0,0,0,0,0,0,0,0,0,0,0
535,0.89369,0.30678,0.98763,0.77395,0.1865,0.10131,0.064664,0.054447,0.023167,0,0,0,0,0,0,0,0,0,0,0,0,0
536,0.74144,0.088485,0.28041,0.94927,0.45418,0.108,0.12298,0.10199,0.016298,0,0,0,0,0,0,0,0,0,0,0,0,0
537,0.73506,0.028212,0.052301,1.1043,0.047508,0.043717,0.024143,0.017023,0.012322,0,0,0,0,0,0,0,0,0,0,0,0,0
538,0.74445,0.040537,0.10526,1.1148,0.039041,0.026934,0.028126,0.018845,0.0073641,0,0,0,0,0,0,0,0,0,0,0,0,0
539,0.90652,0.028947,0.019837,1.3641,0.04758,0.047756,0.028975,0.016619,0.013352,0,0,0,0,0,0,0,0,0,0,0,0,0
540,0.89651,0.032407,0.10239,1.3423,0.094773,0.04528,0.036296,0.033296,0.012412,0,0,0,0,0,0,0,0,0,0,0,0,0
541,0.78353,0.18544,0.15795,1.0981,0.26105,0.089959,0.11368,0.036814,0.040636,0,0,0,0,0,0,0,0,0,0,0,0,0
542,0.73777,0.20954,0.85759,0.58871,0.19523,0.11181,0.0866,0.069305,0.031065,0,0,0,0,0,0,0,0,0,0,0,0,0
543,0.73961,0.22907,0.86366,0.58789,0.17629,0.087355,0.060873,0.053129,0.023239,0,0,0,0,0,0,0,0,0,0,0,0,0
544,0.72308,0.17539,0.58981,0.81413,0.22877,0.15164,0.12463,0.11139,0.049479,0,0,0,0,0,0,0,0,0,0,0,0,0
545,0.88005,0.12686,0.82809,0.88224,0.34092,0.2335,0.18827,0.16142,0.076052,0,0,0,0,0,0,0,0,0,0,0,0,0
546,0.90171,0.086427,0.65711,1.0166,0.42047,0.26684,0.2119,0.17605,0.085675,0,0,0,0,0,0,0,0,0,0,0,0,0
547,0.9061,0.15058,0.73333,1.0105,0.34817,0.23272,0.17282,0.16982,0.070748,0,0,0,0,0,0,0,0,0,0,0,0,0
548,0.85368,0.20748,0.96462,0.73429,0.21932,0.14493,0.11421,0.098403,0.043896,0,0,0,0,0,0,0,0,0,0,0,0,0
549,0.73645,0.22793,0.87666,0.57248,0.15776,0.073026,0.047704,0.028951,0.011187,0,0,0,0,0,0,0,0,0,0,0,0,0
550,0.73511,0.15961,0.73787,0.69979,0.24979,0.17238,0.14285,0.11751,0.055583,0,0,0,0,0,0,0,0,0,0,0,0,0
551,0.7465,0.0015885,0.51198,0.8661,0.34536,0.22501,0.18334,0.14607,0.071061,0,0,0,0,0,0,0,0,0,0,0,0,0
552,0.85196,0.10713,0.82762,0.8489,0.29749,0.21592,0.1771,0.16463,0.070262,0,0,0,0,0,0,0,0,0,0,0,0,0
553,0.9066,0.16443,0.80799,0.94742,0.37043,0.23632,0.18472,0.13773,0.057406,0,0,0,0,0,0,0,0,0,0,0,0,0
554,0.89684,0.22095,0.94984,0.82315,0.28964,0.16433,0.13099,0.10697,0.047999,0,0,0,0,0,0,0,0,0,0,0,0,0
555,0.82655,0.19562,0.79994,0.87481,0.19314,0.13664,0.087441,0.064062,0.030958,0,0,0,0,0,0,0,0,0,0,0,0,0
556,0.71761,0.22124,0.71009,0.72267,0.16297,0.10776,0.066119,0.044984,0.023109,0,0,0,0,0,0,0,0,0,0,0,0,0
557,0.73112,0.26178,0.68334,0.7628,0.13729,0.069406,0.074621,0.016271,0.012716,0,0,0,0,0,0,0,0,0,0,0,0,0
558,0.73071,0.22165,0.81747,0.64343,0.16305,0.059113,0.047266,0.034716,0.014352,0,0,0,0,0,0,0,0,0,0,0,0,0
559,0.89797,0.22576,0.94777,0.81693,0.28234,0.17878,0.15138,0.11878,0.055075,0,0,0,0,0,0,0,0,0,0,0,0,0
560,0.8952,0.02029,0.71484,0.96336,0.4173,0.27773,0.22281,0.19225,0.088163,0,0,0,0,0,0,0,0,0,0,0,0,0
561,0.89922,0.080152,0.71389,0.99232,0.38735,0.2641,0.19811,0.18574,0.080903,0,0,0,0,0,0,0,0,0,0,0,0,0
562,0.84861,0.21325,0.95003,0.73543,0.21194,0.15449,0.11373,0.10206,0.04702,0,0,0,0,0,0,0,0,0,0,0,0,0
563,0.72841,0.18213,0.69757,0.76371,0.2203,0.096933,0.096929,0.04513,0.014242,0,0,0,0,0,0,0,0,0,0,0,0,0
564,0.72721,0.24329,0.73585,0.71306,0.14579,0.081254,0.064007,0.04052,0.015648,0,0,0,0,0,0,0,0,0,0,0,0,0
565,0.7226,0.21094,0.66754,0.78242,0.15726,0.097276,0.075204,0.024122,0.013338,0,0,0,0,0,0,0,0,0,0,0,0,0
566,0.90642,0.29003,1.0605,0.72406,0.20094,0.074815,0.054221,0.048806,0.01583,0,0,0,0,0,0,0,0,0,0,0,0,0
567,0.89863,0.19268,0.89635,0.87255,0.32375,0.17682,0.14858,0.13926,0.061026,0,0,0,0,0,0,0,0,0,0,0,0,0
568,0.91106,0.12494,0.67252,1.0389,0.4011,0.23637,0.19024,0.18918,0.082097,0,0,0,0,0,0,0,0,0,0,0,0,0
569,0.82483,0.038657,0.63425,0.90023,0.39665,0.24997,0.20577,0.1822,0.080747,0,0,0,0,0,0,0,0,0,0,0,0,0
570,0.74132,0.1274,0.69619,0.73302,0.29981,0.19535,0.15214,0.13636,0.067306,0,0,0,0,0,0,0,0,0,0,0,0,0
571,0.76844,0.052127,0.4766,0.94631,0.37279,0.18953,0.13003,0.09546,0.049098,0,0,0,0,0,0,0,0,0,0,0,0,0
572,0.75675,0.10315,0.59862,0.82114,0.32563,0.22472,0.18372,0.16942,0.072091,0,0,0,0,0,0,0,0,0,0,0,0,0
573,0.89392,0.23474,0.99048,0.76771,0.2732,0.15943,0.1233,0.10373,0.045417,0,0,0,0,0,0,0,0,0,0,0,0,0
574,0.90741,0.29925,1.0673,0.71647,0.17131,0.08109,0.064489,0.030964,0.013398,0,0,0,0,0,0,0,0,0,0,0,0,0
575,0.89837,0.18349,0.90572,0.84636,0.33409,0.21479,0.16402,0.1406,0.068397,0,0,0,0,0,0,0,0,0,0,0,0,0
576,0.82024,0.030885,0.67336,0.86433,0.38907,0.26131,0.20581,0.17198,0.079431,0,0,0,0,0,0,0,0,0,0,0,0,0
577,0.73145,0.16712,0.71294,0.71292,0.24907,0.1739,0.144,0.11727,0.055283,0,0,0,0,0,0,0,0,0,0,0,0,0
578,0.73548,0.22098,0.86672,0.58252,0.17593,0.080124,0.047561,0.038734,0.016808,0,0,0,0,0,0,0,0,0,0,0,0,0
579,0.73757,0.2243,0.82292,0.62885,0.18014,0.11612,0.088392,0.068221,0.032946,0,0,0,0,0,0,0,0,0,0,0,0,0
580,0.87728,0.13723,0.84047,0.8698,0.33802,0.22256,0.17818,0.15618,0.073291,0,0,0,0,0,0,0,0,0,0,0,0,0
581,0.89933,0.051234,0.71363,0.97545,0.42571,0.26776,0.20155,0.18066,0.089653,0,0,0,0,0,0,0,0,0,0,0,0,0
582,0.91535,0.20653,0.75694,1.0109,0.33613,0.16562,0.16977,0.18178,0.067587,0,0,0,0,0,0,0,0,0,0,0,0,0
583,0.85535,0.17014,0.85989,0.83205,0.28762,0.17864,0.1405,0.14319,0.062322,0,0,0,0,0,0,0,0,0,0,0,0,0
584,0.71029,0.14337,0.63042,0.77435,0.24682,0.14834,0.10762,0.088905,0.036746,0,0,0,0,0,0,0,0,0,0,0,0,0
585,0.7412,0.22989,0.86936,0.58408,0.17411,0.089413,0.06364,0.05228,0.0208,0,0,0,0,0,0,0,0,0,0,0,0,0
586,0.73115,0.22744,0.81625,0.62431,0.17836,0.10809,0.07333,0.062498,0.026299,0,0,0,0,0,0,0,0,0,0,0,0,0
587,0.892,0.17843,0.87719,0.87467,0.32148,0.19294,0.17029,0.13792,0.062308,0,0,0,0,0,0,0,0,0,0,0,0,0
588,0.90267,0.015304,0.68337,0.99707,0.43308,0.2736,0.21517,0.19477,0.088568,0,0,0,0,0,0,0,0,0,0,0,0,0
589,0.89165,0.18034,0.92923,0.81032,0.31946,0.2104,0.17063,0.14561,0.068065,0,0,0,0,0,0,0,0,0,0,0,0,0
590,0.84369,0.21464,0.98234,0.714,0.18897,0.0925,0.061509,0.047892,0.020593,0,0,0,0,0,0,0,0,0,0,0,0,0
591,0.7357,0.21167,0.84089,0.61383,0.19079,0.093545,0.075951,0.057194,0.025114,0,0,0,0,0,0,0,0,0,0,0,0,0
592,0.72656,0.12055,0.68722,0.71831,0.27483,0.19752,0.15742,0.138,0.066484,0,0,0,0,0,0,0,0,0,0,0,0,0
593,0.73194,0.061352,0.58703,0.79323,0.33392,0.21301,0.16755,0.14861,0.071958,0,0,0,0,0,0,0,0,0,0,0,0,0
594,0.85391,0.17723,0.86782,0.84438,0.23308,0.16314,0.14664,0.10382,0.055812,0,0,0,0,0,0,0,0,0,0,0,0,0
595,0.91219,0.3024,1.1141,0.6587,0.16586,0.074683,0.042751,0.02182,0.0058126,0,0,0,0,0,0,0,0,0,0,0,0,0
596,0.84884,0.16939,0.76852,0.9405,0.27728,0.14212,0.03636,0.042205,0.031208,0,0,0,0,0,0,0,0,0,0,0,0,0
597,0.829,0.23847,0.86634,0.80224,0.16733,0.12765,0.075342,0.055238,0.022089,0,0,0,0,0,0,0,0,0,0,0,0,0
598,0.73285,0.16525,0.71324,0.73664,0.25884,0.12582,0.10523,0.097752,0.045868,0,0,0,0,0,0,0,0,0,0,0,0,0
599,0.73172,0.095933,0.65304,0.74986,0.30989,0.21869,0.1661,0.13593,0.061095,0,0,0,0,0,0,0,0,0,0,0,0,0
600,0.75109,0.037986,0.49934,0.87529,0.36425,0.21872,0.17834,0.15703,0.070303,0,0,0,0,0,0,0,0,0,0,0,0,0
601,0.8705,0.0001562,0.6638,0.99072,0.35049,0.23095,0.21494,0.18727,0.083506,0,0,0,0,0,0,0,0,0,0,0,0,0
602,0.90341,0.013262,0.50938,1.1699,0.43298,0.18442,0.045737,0.027177,0.026475,0,0,0,0,0,0,0,0,0,0,0,0,0
603,0.90418,0.27941,1.0563,0.71743,0.2113,0.11363,0.08599,0.067001,0.02717,0,0,0,0,0,0,0,0,0,0,0,0,0
604,0.79927,0.16351,0.73252,0.79061,0.34405,0.19503,0.17462,0.15302,0.069316,0,0,0,0,0,0,0,0,0,0,0,0,0
605,0.72377,0.0041522,0.57332,0.79124,0.31535,0.22052,0.17854,0.16217,0.071481,0,0,0,0,0,0,0,0,0,0,0,0,0
606,0.7383,0.14971,0.7095,0.72253,0.29215,0.18148,0.13386,0.12014,0.056908,0,0,0,0,0,0,0,0,0,0,0,0,0
607,0.75607,0.15785,0.68318,0.76618,0.29037,0.20114,0.16667,0.13815,0.065993,0,0,0,0,0,0,0,0,0,0,0,0,0
608,0.90023,0.2365,0.87808,0.8995,0.29042,0.15952,0.12426,0.12432,0.046124,0,0,0,0,0,0,0,0,0,0,0,0,0
609,0.90347,0.29101,1.0802,0.6897,0.18237,0.087826,0.055898,0.029463,0.011013,0,0,0,0,0,0,0,0,0,0,0,0,0
610,0.88114,0.20687,0.90103,0.86238,0.30378,0.14309,0.080671,0.063716,0.023108,0,0,0,0,0,0,0,0,0,0,0,0,0
611,0.79789,0.2454,0.83344,0.70768,0.26851,0.14415,0.11703,0.11233,0.049259,0,0,0,0,0,0,0,0,0,0,0,0,0
612,0.73853,0.19048,0.67081,0.76489,0.23974,0.15219,0.15189,0.11034,0.051944,0,0,0,0,0,0,0,0,0,0,0,0,0
613,0.73335,0.02811,0.61987,0.75874,0.34191,0.23334,0.18499,0.15852,0.07289,0,0,0,0,0,0,0,0,0,0,0,0,0
614,0.76418,0.062677,0.55423,0.85923,0.33655,0.25317,0.17947,0.17205,0.076214,0,0,0,0,0,0,0,0,0,0,0,0,0
615,0.90139,0.21093,0.91831,0.84552,0.3145,0.19264,0.16113,0.13672,0.059103,0,0,0,0,0,0,0,0,0,0,0,0,0
616,0.91058,0.29416,1.1135,0.65912,0.17377,0.078789,0.048535,0.024074,0.006283,0,0,0,0,0,0,0,0,0,0,0,0,0
617,0.86895,0.18539,0.88247,0.85537,0.3099,0.1486,0.079836,0.074408,0.039132,0,0,0,0,0,0,0,0,0,0,0,0,0
618,0.80116,0.22449,0.76291,0.77087,0.29068,0.18764,0.15364,0.13606,0.058923,0,0,0,0,0,0,0,0,0,0,0,0,0
619,0.73272,0.032328,0.59489,0.79348,0.30558,0.23217,0.18199,0.15453,0.075293,0,0,0,0,0,0,0,0,0,0,0,0,0
620,0.76989,0.070691,0.81358,0.41617,0.49103,0.43818,0.14384,0.12713,0.085032,0,0,0,0,0,0,0,0,0,0,0,0,0
621,0.82371,0.21327,0.70116,0.94907,0.21588,0.06131,0.072222,0.055013,0.020576,0,0,0,0,0,0,0,0,0,0,0,0,0
622,0.89874,0.25248,0.99945,0.77277,0.25148,0.14168,0.1103,0.091757,0.04216,0,0,0,0,0,0,0,0,0,0,0,0,0
623,0.89828,0.16588,0.78918,0.9244,0.36208,0.24434,0.20547,0.17558,0.082534,0,0,0,0,0,0,0,0,0,0,0,0,0
624,0.87538,0.054729,0.72928,0.96285,0.33143,0.25363,0.18422,0.17714,0.080116,0,0,0,0,0,0,0,0,0,0,0,0,0
625,0.73508,0.15716,0.73328,0.69788,0.28136,0.17645,0.12766,0.10994,0.05302,0,0,0,0,0,0,0,0,0,0,0,0,0
626,0.73693,0.25783,0.84532,0.60053,0.13312,0.077018,0.046869,0.028212,0.013623,0,0,0,0,0,0,0,0,0,0,0,0,0
627,0.73463,0.20169,0.81286,0.63478,0.2146,0.11713,0.093492,0.085558,0.035717,0,0,0,0,0,0,0,0,0,0,0,0,0
628,0.84805,0.12014,0.74508,0.89507,0.33608,0.22927,0.17505,0.16245,0.070483,0,0,0,0,0,0,0,0,0,0,0,0,0
629,0.89342,0.013384,0.70993,0.98304,0.36455,0.28228,0.21924,0.19181,0.091926,0,0,0,0,0,0,0,0,0,0,0,0,0
630,0.90189,0.1992,0.92214,0.82791,0.33508,0.21964,0.16891,0.14551,0.06591,0,0,0,0,0,0,0,0,0,0,0,0,0
631,0.91875,0.11477,0.5436,1.1607,0.38956,0.05075,0.23267,0.14281,0.038735,0,0,0,0,0,0,0,0,0,0,0,0,0
632,0.73935,0.15448,0.6481,0.77355,0.29403,0.1799,0.14654,0.12468,0.059669,0,0,0,0,0,0,0,0,0,0,0,0,0
633,0.74045,0.20934,0.77721,0.69333,0.20175,0.097846,0.11168,0.073244,0.03016,0,0,0,0,0,0,0,0,0,0,0,0,0
634,0.74149,0.24949,0.85838,0.60111,0.15091,0.05094,0.043508,0.031237,0.0077442,0,0,0,0,0,0,0,0,0,0,0,0,0
635,0.85287,0.18801,0.90572,0.79327,0.24182,0.16919,0.14154,0.10839,0.051086,0,0,0,0,0,0,0,0,0,0,0,0,0
636,0.89351,0.10846,0.75962,0.9527,0.34303,0.27047,0.20088,0.18711,0.084073,0,0,0,0,0,0,0,0,0,0,0,0,0
637,0.89487,0.1355,0.82218,0.88849,0.37538,0.25332,0.2037,0.17863,0.08378,0,0,0,0,0,0,0,0,0,0,0,0,0
638,0.89569,0.22161,0.94607,0.83522,0.29558,0.12228,0.11119,0.10291,0.039703,0,0,0,0,0,0,0,0,0,0,0,0,0
639,0.74327,0.25273,0.88872,0.56127,0.13475,0.06526,0.037469,0.020716,0.007989,0,0,0,0,0,0,0,0,0,0,0,0,0
640,0.73239,0.14938,0.75721,0.66904,0.27113,0.17377,0.13632,0.12146,0.055452,0,0,0,0,0,0,0,0,0,0,0,0,0
641,0.722,0.014165,0.62833,0.74699,0.31023,0.22299,0.17644,0.15617,0.072075,0,0,0,0,0,0,0,0,0,0,0,0,0
642,0.79854,0.25861,0.83919,0.69243,0.25616,0.15268,0.13048,0.11184,0.049762,0,0,0,0,0,0,0,0,0,0,0,0,0
643,0.89839,0.26718,1.071,0.70159,0.21357,0.081216,0.033055,0.029868,0.010471,0,0,0,0,0,0,0,0,0,0,0,0,0
644,0.90226,0.26078,0.91109,0.86071,0.24948,0.17545,0.14678,0.11398,0.055466,0,0,0,0,0,0,0,0,0,0,0,0,0
645,0.90877,0.14782,0.61325,1.0923,0.39152,0.18513,0.16143,0.1628,0.07266,0,0,0,0,0,0,0,0,0,0,0,0,0
646,0.74582,0.079255,0.58488,0.80471,0.32122,0.23602,0.19731,0.17041,0.07915,0,0,0,0,0,0,0,0,0,0,0,0,0
647,0.7281,0.10755,0.68325,0.71454,0.30468,0.20286,0.16045,0.14264,0.065308,0,0,0,0,0,0,0,0,0,0,0,0,0
648,0.72639,0.17412,0.71302,0.73585,0.21245,0.13916,0.10233,0.073777,0.043942,0,0,0,0,0,0,0,0,0,0,0,0,0
649,0.78078,0.33621,0.77866,0.71485,0.15494,0.10577,0.054257,0.058192,0.017981,0,0,0,0,0,0,0,0,0,0,0,0,0
650,0.8937,0.25086,1.0457,0.71638,0.23411,0.12674,0.088768,0.058621,0.021084,0,0,0,0,0,0,0,0,0,0,0,0,0
651,0.89764,0.17424,0.86096,0.88221,0.33013,0.22243,0.19106,0.15861,0.073934,0,0,0,0,0,0,0,0,0,0,0,0,0
652,0.91623,0.01619,0.6438,1.0499,0.42822,0.2831,0.21401,0.18935,0.091035,0,0,0,0,0,0,0,0,0,0,0,0,0
653,0.77581,0.079575,0.58586,0.8453,0.35664,0.26518,0.18326,0.17508,0.076568,0,0,0,0,0,0,0,0,0,0,0,0,0
654,0.73945,0.20313,0.83955,0.60184,0.21505,0.13266,0.10705,0.093704,0.042862,0,0,0,0,0,0,0,0,0,0,0,0,0
655,0.73007,0.21585,0.84374,0.60773,0.17152,0.074294,0.051334,0.029129,0.0033499,0,0,0,0,0,0,0,0,0,0,0,0,0
656,0.76523,0.24281,0.66706,0.84024,0.21013,0.11674,0.067384,0.026869,0.012054,0,0,0,0,0,0,0,0,0,0,0,0,0
657,0.89708,0.26106,1.0484,0.72557,0.22299,0.10081,0.060102,0.046487,0.023873,0,0,0,0,0,0,0,0,0,0,0,0,0
658,0.90147,0.17998,0.87528,0.88084,0.34873,0.21892,0.16142,0.13496,0.06821,0,0,0,0,0,0,0,0,0,0,0,0,0
659,0.90915,0.15309,0.52411,1.1343,0.3332,0.26545,0.19023,0.16977,0.060815,0,0,0,0,0,0,0,0,0,0,0,0,0
660,0.76349,0.050169,0.54564,0.8661,0.3215,0.25662,0.20485,0.16228,0.08249,0,0,0,0,0,0,0,0,0,0,0,0,0
661,0.72762,0.081126,0.66121,0.72666,0.3165,0.21471,0.17221,0.14924,0.068553,0,0,0,0,0,0,0,0,0,0,0,0,0
662,0.73025,0.19638,0.74143,0.70025,0.22059,0.13279,0.099522,0.096591,0.045275,0,0,0,0,0,0,0,0,0,0,0,0,0
663,0.77776,0.30191,0.79051,0.71267,0.19524,0.11021,0.063856,0.059945,0.02433,0,0,0,0,0,0,0,0,0,0,0,0,0
664,0.90714,0.27067,1.081,0.69199,0.21584,0.11689,0.08781,0.070296,0.031365,0,0,0,0,0,0,0,0,0,0,0,0,0
665,0.88832,0.15644,0.75043,0.95367,0.34095,0.23488,0.19279,0.16612,0.082679,0,0,0,0,0,0,0,0,0,0,0,0,0
666,0.89447,0.014804,0.70351,0.97132,0.42258,0.27486,0.21443,0.18752,0.088155,0,0,0,0,0,0,0,0,0,0,0,0,0
667,0.78564,0.20984,0.74512,0.76224,0.28832,0.19949,0.13779,0.13036,0.059094,0,0,0,0,0,0,0,0,0,0,0,0,0
668,0.7402,0.2305,0.88179,0.57121,0.16858,0.066785,0.040051,0.03607,0.013032,0,0,0,0,0,0,0,0,0,0,0,0,0
669,0.71359,0.18668,0.75169,0.67749,0.21794,0.094342,0.051032,0.040411,0.026017,0,0,0,0,0,0,0,0,0,0,0,0,0
670,0.79205,0.22538,0.77728,0.7503,0.28543,0.16514,0.1411,0.1144,0.052821,0,0,0,0,0,0,0,0,0,0,0,0,0
671,0.89314,0.04875,0.77934,0.90737,0.40861,0.27874,0.22164,0.19289,0.090585,0,0,0,0,0,0,0,0,0,0,0,0,0
672,0.89546,0.054597,0.71177,0.98065,0.37615,0.28098,0.21579,0.19183,0.089064,0,0,0,0,0,0,0,0,0,0,0,0,0
673,0.90299,0.22713,0.95735,0.80215,0.30203,0.19998,0.15496,0.13351,0.057723,0,0,0,0,0,0,0,0,0,0,0,0,0
674,0.75674,0.13811,0.53279,0.8979,0.39335,0.019858,0.085918,0.077862,0.011114,0,0,0,0,0,0,0,0,0,0,0,0,0
675,0.74348,0.019422,0.017861,1.1186,0.025175,0.05842,0.018716,0.023467,0.010678,0,0,0,0,0,0,0,0,0,0,0,0,0
676,0.77906,0.028581,0.06768,1.1704,0.05866,0.040233,0.0011894,0.0053904,0.0035015,0,0,0,0,0,0,0,0,0,0,0,0,0
677,0.89432,0.01814,0.080552,1.3445,0.052136,0.047273,0.0042081,0.013827,0.005812,0,0,0,0,0,0,0,0,0,0,0,0,0
678,0.912,0.016175,0.069912,1.3679,0.10711,0.017987,0.035646,0.039835,0.015795,0,0,0,0,0,0,0,0,0,0,0,0,0
679,0.80182,0.10857,0.32009,1.1358,0.19733,0.080866,0.013763,0.034102,0.0051674,0,0,0,0,0,0,0,0,0,0,0,0,0
680,0.74022,0.088118,0.55441,0.8423,0.27416,0.23782,0.16584,0.15993,0.069549,0,0,0,0,0,0,0,0,0,0,0,0,0
681,0.73287,0.098912,0.66052,0.736,0.31164,0.21424,0.171,0.15156,0.070376,0,0,0,0,0,0,0,0,0,0,0,0,0
682,0.73583,0.19385,0.81587,0.63099,0.21572,0.1341,0.10641,0.086094,0.041371,0,0,0,0,0,0,0,0,0,0,0,0,0
683,0.89939,0.31223,1.0335,0.72988,0.17881,0.083788,0.052846,0.046855,0.012781,0,0,0,0,0,0,0,0,0,0,0,0,0
684,0.8947,0.18731,0.93296,0.81148,0.32384,0.20645,0.16518,0.14708,0.066779,0,0,0,0,0,0,0,0,0,0,0,0,0
685,0.91367,0.17504,0.49024,1.1547,0.36466,0.25893,0.15731,0.12721,0.064849,0,0,0,0,0,0,0,0,0,0,0,0,0
686,0.78997,0.14896,0.62838,0.871,0.34612,0.1878,0.15862,0.13738,0.062434,0,0,0,0,0,0,0,0,0,0,0,0,0
687,0.73372,0.089023,0.60017,0.79189,0.30036,0.21409,0.18165,0.15126,0.071837,0,0,0,0,0,0,0,0,0,0,0,0,0
688,0.73842,0.016378,0.51808,0.84609,0.36111,0.20758,0.16096,0.15754,0.07353,0,0,0,0,0,0,0,0,0,0,0,0,0
689,0.74307,0.13911,0.68113,0.7487,0.28328,0.19843,0.16279,0.14088,0.068558,0,0,0,0,0,0,0,0,0,0,0,0,0
690,0.90342,0.28752,1.0388,0.73783,0.20337,0.11126,0.078968,0.063705,0.028653,0,0,0,0,0,0,0,0,0,0,0,0,0
691,0.89878,0.28288,1.017,0.74928,0.21039,0.13026,0.093394,0.073,0.035351,0,0,0,0,0,0,0,0,0,0,0,0,0
692,0.89737,0.14811,0.84235,0.88354,0.35115,0.24751,0.20394,0.17628,0.083706,0,0,0,0,0,0,0,0,0,0,0,0,0
693,0.83989,0.0035138,0.6225,0.95986,0.35615,0.26102,0.1787,0.1665,0.081557,0,0,0,0,0,0,0,0,0,0,0,0,0
694,0.73907,0.14969,0.72449,0.71144,0.27863,0.18154,0.148,0.12476,0.05743,0,0,0,0,0,0,0,0,0,0,0,0,0
695,0.7441,0.23707,0.88565,0.56756,0.16132,0.084946,0.058438,0.047742,0.018764,0,0,0,0,0,0,0,0,0,0,0,0,0
